"Timestamp","Indentation in JavaScript files?","Do you use semicolons in JavaScript?","Do you use a linter preset?","What tools do you use to validate code style?"
"2017/01/16 1:47:53 PM GMT+1","Tabs","Yes","My own","ESLint"
"2017/01/16 1:57:01 PM GMT+1","4 spaces","Yes","AirBnb","ESLint"
"2017/01/16 1:57:42 PM GMT+1","2 spaces","Yes","Standard","ESLint;JSHint"
"2017/01/16 1:58:46 PM GMT+1","4 spaces","Yes","Don’t use any","JSHint;JSCS"
"2017/01/16 2:07:29 PM GMT+1","4 spaces","Yes","AirBnb","ESLint"
"2017/01/16 2:10:03 PM GMT+1","4 spaces","No","Don’t use any","ESLint"
"2017/01/16 2:10:24 PM GMT+1","4 spaces","Yes","AirBnb","ESLint"
"2017/01/16 2:15:03 PM GMT+1","Tabs","Yes","Standard","ESLint"
"2017/01/16 2:16:50 PM GMT+1","2 spaces","Yes","AirBnb","ESLint"
"2017/01/16 2:17:17 PM GMT+1","4 spaces","No","AirBnb","ESLint"
"2017/01/16 2:27:53 PM GMT+1","4 spaces","Yes","Don’t use any","ESLint"
"2017/01/16 2:31:46 PM GMT+1","2 spaces","No","Standard","ESLint"
"2017/01/16 2:34:23 PM GMT+1","Tabs","Yes","xo","xo"
"2017/01/16 2:39:02 PM GMT+1","4 spaces","No","custom  linter config","ESLint"
"2017/01/16 2:44:26 PM GMT+1","2 spaces","Yes","AirBnb","ESLint"
"2017/01/16 2:46:32 PM GMT+1","2 spaces","Yes","AirBnb","ESLint"
"2017/01/16 2:51:27 PM GMT+1","2 spaces","No","Don’t use any","Standard"
"2017/01/16 2:52:13 PM GMT+1","4 spaces","Yes","Don’t use any","ESLint;phpstorm"
"2017/01/16 2:53:33 PM GMT+1","Tabs","Yes","Standard","ESLint"
"2017/01/16 2:56:23 PM GMT+1","2 spaces","Yes","Don’t use any",""
"2017/01/16 2:57:47 PM GMT+1","2 spaces","No","AirBnb","ESLint"
"2017/01/16 2:57:49 PM GMT+1","Tabs","Yes","AirBnb","ESLint;JSHint;JSCS"
"2017/01/16 2:58:24 PM GMT+1","2 spaces","Yes","Standard","ESLint"
"2017/01/16 2:58:29 PM GMT+1","2 spaces","Yes","AirBnb","JSCS"
"2017/01/16 2:58:39 PM GMT+1","2 spaces","Yes","AirBnb","ESLint"
"2017/01/16 2:58:47 PM GMT+1","2 spaces","No","Don’t use any","ESLint"
"2017/01/16 2:58:52 PM GMT+1","2 spaces","Yes","Don’t use any","ESLint"
"2017/01/16 2:58:53 PM GMT+1","Tabs","Yes","AirBnb","ESLint"
"2017/01/16 2:58:59 PM GMT+1","2 spaces","Yes","Standard","JSHint"
"2017/01/16 2:59:01 PM GMT+1","Tabs","Yes","AirBnb + some custom rules","ESLint"
"2017/01/16 2:59:11 PM GMT+1","2 spaces","No","Standard","ESLint"
"2017/01/16 2:59:25 PM GMT+1","2 spaces","No","Don’t use any",""
"2017/01/16 2:59:35 PM GMT+1","2 spaces","Yes","AirBnb","ESLint"
"2017/01/16 2:59:43 PM GMT+1","4 spaces","Yes","Standard","Intellij/Webstorm"
"2017/01/16 2:59:44 PM GMT+1","4 spaces","Yes","AirBnb","ESLint;JSHint;JSCS"
"2017/01/16 2:59:45 PM GMT+1","4 spaces","Yes","Standard","ESLint"
"2017/01/16 2:59:58 PM GMT+1","2 spaces","Yes","eslint:recommended","ESLint"
"2017/01/16 3:00:03 PM GMT+1","4 spaces","Yes","AirBnb","ESLint"
"2017/01/16 3:00:19 PM GMT+1","2 spaces","Yes","Don’t use any","JSHint"
"2017/01/16 3:00:36 PM GMT+1","2 spaces","Yes","AirBnb","ESLint"
"2017/01/16 3:00:37 PM GMT+1","4 spaces","Yes","Standard","JSHint"
"2017/01/16 3:01:03 PM GMT+1","Tabs","No","AirBnb","ESLint"
"2017/01/16 3:01:07 PM GMT+1","4 spaces","Yes","AirBnb","ESLint"
"2017/01/16 3:01:16 PM GMT+1","2 spaces","Yes","AirBnb","ESLint"
"2017/01/16 3:01:44 PM GMT+1","Tabs","Yes","Don’t use any","ESLint"
"2017/01/16 3:01:45 PM GMT+1","4 spaces","Yes","standard + some extras","ESLint;Prettier"
"2017/01/16 3:02:02 PM GMT+1","Tabs","Yes","Don’t use any",""
"2017/01/16 3:02:09 PM GMT+1","2 spaces","Yes","devine-eslint-config","ESLint"
"2017/01/16 3:02:11 PM GMT+1","4 spaces","Yes","AirBnb","ESLint"
"2017/01/16 3:02:21 PM GMT+1","2 spaces","Yes","AirBnb","ESLint"
"2017/01/16 3:02:59 PM GMT+1","2 spaces","Yes","Don’t use any","ESLint"
"2017/01/16 3:03:03 PM GMT+1","2 spaces","Yes","AirBnb","ESLint"
"2017/01/16 3:03:03 PM GMT+1","4 spaces","Yes","AirBnb","ESLint"
"2017/01/16 3:03:42 PM GMT+1","2 spaces","Yes","AirBnb","ESLint"
"2017/01/16 3:03:49 PM GMT+1","Tabs","Yes","AirBnb","ESLint"
"2017/01/16 3:04:16 PM GMT+1","2 spaces","No","Standard","Standard"
"2017/01/16 3:04:20 PM GMT+1","4 spaces","Yes","Don’t use any","JSCS"
"2017/01/16 3:04:42 PM GMT+1","2 spaces","Yes","Standard","JSHint"
"2017/01/16 3:05:03 PM GMT+1","Tabs","Yes","custom","TSLint"
"2017/01/16 3:05:18 PM GMT+1","2 spaces","No","Standard","ESLint"
"2017/01/16 3:05:27 PM GMT+1","4 spaces","No","Don’t use any","ESLint;JSHint"
"2017/01/16 3:05:32 PM GMT+1","2 spaces","Yes","AirBnb","ESLint"
"2017/01/16 3:05:34 PM GMT+1","2 spaces","Yes","AirBnb","ESLint"
"2017/01/16 3:05:36 PM GMT+1","4 spaces","Yes","Standard","JSHint"
"2017/01/16 3:05:43 PM GMT+1","2 spaces","Yes","AirBnb","ESLint"
"2017/01/16 3:05:54 PM GMT+1","4 spaces","No","Don’t use any","Prettier"
"2017/01/16 3:05:59 PM GMT+1","4 spaces","Yes","Extended AirBnb","ESLint"
"2017/01/16 3:06:00 PM GMT+1","2 spaces","Yes","AirBnb","ESLint"
"2017/01/16 3:06:01 PM GMT+1","2 spaces","Yes","AirBnb","ESLint"
"2017/01/16 3:06:12 PM GMT+1","Tabs","Yes","AirBnB based, custom rules matching existing company guidelines","ESLint"
"2017/01/16 3:06:17 PM GMT+1","4 spaces","Yes","AirBnb","ESLint"
"2017/01/16 3:06:25 PM GMT+1","2 spaces","Yes","Don’t use any","ESLint"
"2017/01/16 3:06:42 PM GMT+1","2 spaces","No","Don’t use any",""
"2017/01/16 3:06:53 PM GMT+1","2 spaces","Yes","Don’t use any","ESLint;Prettier"
"2017/01/16 3:07:15 PM GMT+1","2 spaces","No","Don’t use any","Standard"
"2017/01/16 3:07:21 PM GMT+1","2 spaces","Yes","Don’t use any","ESLint"
"2017/01/16 3:07:55 PM GMT+1","2 spaces","Yes","AirBnb","ESLint"
"2017/01/16 3:07:59 PM GMT+1","2 spaces","Yes","Don’t use any",""
"2017/01/16 3:08:12 PM GMT+1","2 spaces","Yes","godaddy-style","ESLint;JSCS"
"2017/01/16 3:08:14 PM GMT+1","2 spaces","Yes","AirBnb","ESLint"
"2017/01/16 3:08:53 PM GMT+1","Tabs","Yes","Standard","ESLint"
"2017/01/16 3:08:54 PM GMT+1","2 spaces","No","Standard","ESLint"
"2017/01/16 3:09:23 PM GMT+1","Tabs","Yes","Don’t use any","ESLint"
"2017/01/16 3:09:40 PM GMT+1","Tabs","Yes","eslint-config-defaults","ESLint;JSCS"
"2017/01/16 3:11:33 PM GMT+1","2 spaces","No","Standard","ESLint"
"2017/01/16 3:11:38 PM GMT+1","4 spaces","No","Don’t use any","ESLint"
"2017/01/16 3:11:57 PM GMT+1","2 spaces","Yes","Don’t use any","ESLint"
"2017/01/16 3:13:20 PM GMT+1","2 spaces","Yes","AirBnb","ESLint"
"2017/01/16 3:13:21 PM GMT+1","2 spaces","Yes","Don’t use any",""
"2017/01/16 3:13:57 PM GMT+1","4 spaces","Yes","Don’t use any",""
"2017/01/16 3:14:04 PM GMT+1","2 spaces","Yes","Don’t use any","ESLint"
"2017/01/16 3:15:16 PM GMT+1","2 spaces","No","Standard","ESLint"
"2017/01/16 3:15:25 PM GMT+1","2 spaces","Yes","Standard","ESLint"
"2017/01/16 3:15:44 PM GMT+1","Tabs","Yes","Standard","ESLint;JSHint"
"2017/01/16 3:15:45 PM GMT+1","2 spaces","Yes","AirBnb","ESLint"
"2017/01/16 3:16:44 PM GMT+1","2 spaces","Yes","AirBnb","ESLint"
"2017/01/16 3:17:03 PM GMT+1","Tabs","Yes","AirBnb","ESLint"
"2017/01/16 3:17:03 PM GMT+1","2 spaces","No","Standard","ESLint;Standard"
"2017/01/16 3:17:06 PM GMT+1","2 spaces","Yes","Facebook style","ESLint"
"2017/01/16 3:17:07 PM GMT+1","2 spaces","Yes","AirBnb","ESLint"
"2017/01/16 3:17:08 PM GMT+1","2 spaces","Yes","Don’t use any","ESLint;JSCS;Prettier"
"2017/01/16 3:17:10 PM GMT+1","2 spaces","Yes","AirBnb","ESLint"
"2017/01/16 3:17:18 PM GMT+1","4 spaces","Yes","AirBnb","ESLint"
"2017/01/16 3:17:19 PM GMT+1","4 spaces","Yes","Don’t use any","ESLint"
"2017/01/16 3:17:20 PM GMT+1","2 spaces","Yes","Don’t use any","ESLint"
"2017/01/16 3:17:27 PM GMT+1","2 spaces","Yes","AirBnb","ESLint"
"2017/01/16 3:17:31 PM GMT+1","2 spaces","Yes","Don’t use any","Standard"
"2017/01/16 3:17:35 PM GMT+1","Tabs","Yes","xo","xo"
"2017/01/16 3:17:36 PM GMT+1","4 spaces","Yes","Standard","ESLint"
"2017/01/16 3:17:36 PM GMT+1","Tabs","Yes","Standard","ESLint"
"2017/01/16 3:17:45 PM GMT+1","2 spaces","No","Don’t use any","ESLint"
"2017/01/16 3:17:51 PM GMT+1","2 spaces","Yes","Don’t use any",""
"2017/01/16 3:17:52 PM GMT+1","2 spaces","Yes","AirBnb","ESLint;Prettier"
"2017/01/16 3:17:57 PM GMT+1","2 spaces","Yes","AirBnb","ESLint"
"2017/01/16 3:18:00 PM GMT+1","Tabs","No","My Own","ESLint"
"2017/01/16 3:18:04 PM GMT+1","4 spaces","Yes","AirBnb","ESLint"
"2017/01/16 3:18:19 PM GMT+1","2 spaces","Yes","AirBnb","ESLint"
"2017/01/16 3:18:21 PM GMT+1","2 spaces","Yes","eslint:recommended","ESLint"
"2017/01/16 3:18:26 PM GMT+1","2 spaces","Yes","AirBnb","ESLint"
"2017/01/16 3:18:33 PM GMT+1","2 spaces","Yes","Don’t use any","JSHint"
"2017/01/16 3:18:35 PM GMT+1","2 spaces","Yes","custom","ESLint"
"2017/01/16 3:18:41 PM GMT+1","2 spaces","Yes","AirBnb","ESLint"
"2017/01/16 3:18:42 PM GMT+1","4 spaces","Yes","AirBnb","ESLint"
"2017/01/16 3:18:42 PM GMT+1","2 spaces","Yes","AirBnb","ESLint"
"2017/01/16 3:18:50 PM GMT+1","2 spaces","Yes","Standard","ESLint"
"2017/01/16 3:18:51 PM GMT+1","Tabs","Yes","Don’t use any","Webstorm"
"2017/01/16 3:19:02 PM GMT+1","Tabs","Yes","AirBnb","ESLint"
"2017/01/16 3:19:03 PM GMT+1","2 spaces","No","Own","ESLint"
"2017/01/16 3:19:08 PM GMT+1","2 spaces","Yes","Don’t use any","ESLint"
"2017/01/16 3:19:11 PM GMT+1","Tabs","Yes","Don’t use any","JSHint"
"2017/01/16 3:19:12 PM GMT+1","2 spaces","No","Standard","ESLint"
"2017/01/16 3:19:12 PM GMT+1","2 spaces","Yes","Standard","ESLint"
"2017/01/16 3:19:28 PM GMT+1","2 spaces","Yes","Don’t use any","ESLint"
"2017/01/16 3:19:30 PM GMT+1","Tabs","Yes","AirBnb","ESLint"
"2017/01/16 3:19:33 PM GMT+1","2 spaces","No","Standard","Standard"
"2017/01/16 3:19:34 PM GMT+1","2 spaces","Yes","Don’t use any","ESLint"
"2017/01/16 3:19:40 PM GMT+1","Tabs","Yes","Google with some modifications","ESLint"
"2017/01/16 3:19:41 PM GMT+1","2 spaces","Yes","Don’t use any","ESLint"
"2017/01/16 3:19:41 PM GMT+1","2 spaces","Yes","AirBnb","ESLint"
"2017/01/16 3:19:44 PM GMT+1","2 spaces","Yes","Not sure what you're asking","ESLint;JSHint"
"2017/01/16 3:19:48 PM GMT+1","4 spaces","Yes","Don’t use any","ESLint"
"2017/01/16 3:19:48 PM GMT+1","Tabs","Yes","tslint","tslint"
"2017/01/16 3:19:49 PM GMT+1","2 spaces","Yes","AirBnb","ESLint"
"2017/01/16 3:20:04 PM GMT+1","2 spaces","No","Don’t use any","ESLint"
"2017/01/16 3:20:08 PM GMT+1","2 spaces","Yes","AirBnb","ESLint"
"2017/01/16 3:20:17 PM GMT+1","Tabs","Yes","Standard","Standard"
"2017/01/16 3:20:23 PM GMT+1","2 spaces","Yes","Don’t use any","ESLint;JSHint;Standard"
"2017/01/16 3:20:28 PM GMT+1","2 spaces","No","Create-react-app","ESLint"
"2017/01/16 3:20:28 PM GMT+1","2 spaces","No","Standard","Standard"
"2017/01/16 3:20:32 PM GMT+1","2 spaces","Yes","Standard","ESLint"
"2017/01/16 3:20:50 PM GMT+1","4 spaces","Yes","Standard","ESLint"
"2017/01/16 3:20:58 PM GMT+1","Tabs","No","AirBnb","JSHint"
"2017/01/16 3:21:04 PM GMT+1","4 spaces","Yes","AirBnb","ESLint;Prettier;xo"
"2017/01/16 3:21:05 PM GMT+1","2 spaces","No","xo","xo"
"2017/01/16 3:21:21 PM GMT+1","Tabs","Yes","Don’t use any",""
"2017/01/16 3:21:32 PM GMT+1","Tabs","Yes","Standard","ESLint"
"2017/01/16 3:21:37 PM GMT+1","2 spaces","No","Standard","ESLint"
"2017/01/16 3:21:42 PM GMT+1","Tabs","Yes","Custom derived from team agreements","ESLint;JSHint;JSCS"
"2017/01/16 3:21:46 PM GMT+1","2 spaces","Yes","Don’t use any",""
"2017/01/16 3:21:48 PM GMT+1","Tabs","Yes","Don’t use any","xo"
"2017/01/16 3:21:52 PM GMT+1","4 spaces","Yes","Custom preset based on AirBnb","ESLint"
"2017/01/16 3:21:55 PM GMT+1","4 spaces","Yes","create-react-app","ESLint"
"2017/01/16 3:21:56 PM GMT+1","2 spaces","Yes","eslint-config-marudor","ESLint;Prettier"
"2017/01/16 3:21:57 PM GMT+1","2 spaces","No","Standard","Standard"
"2017/01/16 3:21:59 PM GMT+1","2 spaces","No","Don’t use any","JSHint"
"2017/01/16 3:22:07 PM GMT+1","2 spaces","Yes","Modified AirBnb","ESLint"
"2017/01/16 3:22:19 PM GMT+1","2 spaces","Yes","AirBnb","ESLint"
"2017/01/16 3:22:21 PM GMT+1","4 spaces","Yes","Don’t use any","ESLint"
"2017/01/16 3:22:21 PM GMT+1","2 spaces","Yes","custom tslint","tslint"
"2017/01/16 3:22:24 PM GMT+1","2 spaces","Yes","Don’t use any","JSHint"
"2017/01/16 3:22:25 PM GMT+1","2 spaces","Yes","Don’t use any","ESLint"
"2017/01/16 3:22:32 PM GMT+1","Tabs","Yes","Don’t use any","ESLint"
"2017/01/16 3:22:39 PM GMT+1","2 spaces","Yes","Standard","ESLint"
"2017/01/16 3:22:39 PM GMT+1","2 spaces","Yes","AirBnb","ESLint"
"2017/01/16 3:22:41 PM GMT+1","2 spaces","Yes","AirBnb","ESLint"
"2017/01/16 3:22:43 PM GMT+1","4 spaces","Yes","Don’t use any","JSCS"
"2017/01/16 3:22:44 PM GMT+1","2 spaces","Yes","Don’t use any","ESLint"
"2017/01/16 3:22:46 PM GMT+1","4 spaces","Yes","Standard","ESLint"
"2017/01/16 3:22:46 PM GMT+1","2 spaces","Yes","Don’t use any","ESLint"
"2017/01/16 3:22:48 PM GMT+1","2 spaces","Yes","AirBnb","ESLint"
"2017/01/16 3:22:49 PM GMT+1","2 spaces","No","Standard","ESLint"
"2017/01/16 3:22:50 PM GMT+1","4 spaces","Yes","Don’t use any","ESLint"
"2017/01/16 3:22:52 PM GMT+1","4 spaces","Yes","AirBnb","ESLint;Prettier"
"2017/01/16 3:22:53 PM GMT+1","2 spaces","Yes","AirBnb","ESLint"
"2017/01/16 3:22:54 PM GMT+1","4 spaces","Yes","AirBnb","ESLint"
"2017/01/16 3:23:04 PM GMT+1","2 spaces","Yes","AirBnb","ESLint"
"2017/01/16 3:23:05 PM GMT+1","Tabs","Yes","xo","ESLint;Standard;xo"
"2017/01/16 3:23:06 PM GMT+1","2 spaces","No","Don’t use any","ESLint"
"2017/01/16 3:23:11 PM GMT+1","4 spaces","Yes","AirBnb","ESLint"
"2017/01/16 3:23:14 PM GMT+1","2 spaces","No","Standard","Standard"
"2017/01/16 3:23:16 PM GMT+1","Tabs","No","Don’t use any","ESLint"
"2017/01/16 3:23:47 PM GMT+1","Tabs","Yes","Don’t use any","ESLint;JSHint"
"2017/01/16 3:24:06 PM GMT+1","2 spaces","Yes","custom","ESLint"
"2017/01/16 3:24:07 PM GMT+1","Tabs","Yes","Don’t use any","ESLint;xo"
"2017/01/16 3:24:08 PM GMT+1","2 spaces","Yes","Standard","ESLint;JSHint;JSCS"
"2017/01/16 3:24:20 PM GMT+1","Tabs","Yes","Don’t use any","ESLint"
"2017/01/16 3:24:22 PM GMT+1","2 spaces","No","AirBnb","ESLint"
"2017/01/16 3:24:22 PM GMT+1","2 spaces","Yes","AirBnb","ESLint;Prettier"
"2017/01/16 3:24:24 PM GMT+1","2 spaces","Yes","AirBnb","ESLint"
"2017/01/16 3:24:58 PM GMT+1","2 spaces","No","beanloop","Tslint"
"2017/01/16 3:25:06 PM GMT+1","4 spaces","Yes","Don’t use any",""
"2017/01/16 3:25:11 PM GMT+1","2 spaces","Yes","AirBnb","ESLint"
"2017/01/16 3:25:16 PM GMT+1","4 spaces","Yes","AirBnb","ESLint;JSCS"
"2017/01/16 3:25:18 PM GMT+1","2 spaces","Yes","AirBnb","ESLint;JSCS"
"2017/01/16 3:25:23 PM GMT+1","2 spaces","Yes","AirBnb","ESLint"
"2017/01/16 3:25:24 PM GMT+1","2 spaces","Yes","Don’t use any","ESLint"
"2017/01/16 3:25:27 PM GMT+1","Tabs","Yes","Don’t use any","ESLint"
"2017/01/16 3:25:31 PM GMT+1","Tabs","Yes","Don’t use any","JSHint"
"2017/01/16 3:25:36 PM GMT+1","2 spaces","No","standard","ESLint"
"2017/01/16 3:25:45 PM GMT+1","Tabs","Yes","Don’t use any","ESLint"
"2017/01/16 3:25:48 PM GMT+1","4 spaces","Yes","Don’t use any",""
"2017/01/16 3:25:51 PM GMT+1","2 spaces","Yes","Standard","ESLint;Standard"
"2017/01/16 3:25:55 PM GMT+1","Tabs","Yes","Crockford","ESLint"
"2017/01/16 3:25:58 PM GMT+1","2 spaces","No","Standard","ESLint"
"2017/01/16 3:26:12 PM GMT+1","2 spaces","Yes","Standard","ESLint"
"2017/01/16 3:26:13 PM GMT+1","2 spaces","No","Standard","Standard"
"2017/01/16 3:26:14 PM GMT+1","4 spaces","Yes","Don’t use any","ESLint"
"2017/01/16 3:26:18 PM GMT+1","4 spaces","Yes","Don’t use any","ESLint"
"2017/01/16 3:26:49 PM GMT+1","4 spaces","Yes","AirBnb","ESLint"
"2017/01/16 3:26:55 PM GMT+1","2 spaces","Yes","AirBnb","ESLint"
"2017/01/16 3:26:57 PM GMT+1","2 spaces","Yes","Don’t use any","JSHint"
"2017/01/16 3:27:00 PM GMT+1","2 spaces","No","Don’t use any","ESLint"
"2017/01/16 3:27:34 PM GMT+1","4 spaces","Yes","Don’t use any","ESLint"
"2017/01/16 3:27:36 PM GMT+1","4 spaces","Yes","Don’t use any","none"
"2017/01/16 3:27:39 PM GMT+1","2 spaces","Yes","Standard","ESLint;Prettier"
"2017/01/16 3:27:58 PM GMT+1","Tabs","Yes","AirBnb","ESLint;JSHint"
"2017/01/16 3:28:27 PM GMT+1","4 spaces","Yes","AirBnb","ESLint"
"2017/01/16 3:28:32 PM GMT+1","2 spaces","Yes","AirBnb","ESLint"
"2017/01/16 3:28:34 PM GMT+1","Tabs","Yes","Don’t use any","ESLint"
"2017/01/16 3:28:39 PM GMT+1","2 spaces","No","mostly create react app preset","ESLint"
"2017/01/16 3:28:42 PM GMT+1","2 spaces","Yes","xo","ESLint"
"2017/01/16 3:28:48 PM GMT+1","Tabs","Yes","Standard","ESLint"
"2017/01/16 3:28:48 PM GMT+1","4 spaces","Yes","AirBnb","ESLint"
"2017/01/16 3:28:52 PM GMT+1","2 spaces","Yes","Don’t use any","ESLint"
"2017/01/16 3:28:57 PM GMT+1","2 spaces","Yes","AirBnb","ESLint"
"2017/01/16 3:29:03 PM GMT+1","2 spaces","Yes","AirBnb with some modifications","ESLint"
"2017/01/16 3:29:11 PM GMT+1","2 spaces","No","Standard","ESLint;Standard"
"2017/01/16 3:29:26 PM GMT+1","2 spaces","No","Standard","Standard"
"2017/01/16 3:29:40 PM GMT+1","4 spaces","Yes","Don’t use any","Tslint"
"2017/01/16 3:30:05 PM GMT+1","Tabs","Yes","Standard","ESLint"
"2017/01/16 3:30:06 PM GMT+1","Tabs","Yes","Standard","JSHint"
"2017/01/16 3:30:08 PM GMT+1","2 spaces","Yes","AirBnb","ESLint"
"2017/01/16 3:30:38 PM GMT+1","Tabs","Yes","Standard","ESLint"
"2017/01/16 3:30:42 PM GMT+1","2 spaces","Yes","Started with AirBnB, but changed it a lot.","ESLint;JSHint"
"2017/01/16 3:31:01 PM GMT+1","4 spaces","Yes","Don’t use any","None"
"2017/01/16 3:31:14 PM GMT+1","2 spaces","Yes","Standard","ESLint"
"2017/01/16 3:31:30 PM GMT+1","2 spaces","Yes","AirBnb","ESLint"
"2017/01/16 3:31:36 PM GMT+1","2 spaces","No","AirBnb","ESLint"
"2017/01/16 3:31:42 PM GMT+1","4 spaces","Yes","custom","ESLint"
"2017/01/16 3:32:13 PM GMT+1","4 spaces","Yes","Standard","ESLint"
"2017/01/16 3:32:15 PM GMT+1","2 spaces","No","Don’t use any","ESLint"
"2017/01/16 3:32:17 PM GMT+1","2 spaces","No","Standard","ESLint"
"2017/01/16 3:32:29 PM GMT+1","2 spaces","No","AirBnb","ESLint"
"2017/01/16 3:32:34 PM GMT+1","2 spaces","Yes","AirBnb","ESLint"
"2017/01/16 3:32:44 PM GMT+1","2 spaces","No","Don’t use any",""
"2017/01/16 3:32:49 PM GMT+1","2 spaces","Yes","Standard","ESLint"
"2017/01/16 3:32:49 PM GMT+1","2 spaces","Yes","AirBnb","ESLint"
"2017/01/16 3:32:52 PM GMT+1","2 spaces","Yes","Standard","JSHint"
"2017/01/16 3:33:10 PM GMT+1","2 spaces","No","AirBnb","ESLint"
"2017/01/16 3:33:12 PM GMT+1","2 spaces","Yes","AirBnb","ESLint"
"2017/01/16 3:33:44 PM GMT+1","2 spaces","Yes","AirBnb","ESLint"
"2017/01/16 3:33:47 PM GMT+1","2 spaces","Yes","AirBnb","ESLint"
"2017/01/16 3:34:08 PM GMT+1","2 spaces","Yes","Don’t use any","ESLint"
"2017/01/16 3:34:14 PM GMT+1","2 spaces","Yes","Standard","ESLint"
"2017/01/16 3:34:20 PM GMT+1","Tabs","Yes","AirBnb","ESLint"
"2017/01/16 3:34:23 PM GMT+1","4 spaces","Yes","AirBnb","ESLint"
"2017/01/16 3:34:42 PM GMT+1","2 spaces","No","Standard","Standard"
"2017/01/16 3:34:59 PM GMT+1","2 spaces","Yes","AirBnb","ESLint"
"2017/01/16 3:35:01 PM GMT+1","Tabs","Yes","AirBnb","ESLint"
"2017/01/16 3:35:07 PM GMT+1","2 spaces","Yes","Custom","ESLint"
"2017/01/16 3:35:12 PM GMT+1","Tabs","Yes","xo","xo"
"2017/01/16 3:35:17 PM GMT+1","2 spaces","Yes","AirBnb","ESLint"
"2017/01/16 3:35:30 PM GMT+1","2 spaces","Yes","Don’t use any","tslint"
"2017/01/16 3:35:38 PM GMT+1","2 spaces","No","vue","ESLint"
"2017/01/16 3:36:02 PM GMT+1","4 spaces","Yes","Don’t use any","ESLint;JSHint"
"2017/01/16 3:36:17 PM GMT+1","2 spaces","Yes","Don’t use any","ESLint"
"2017/01/16 3:36:23 PM GMT+1","2 spaces","Yes","AirBnb","ESLint"
"2017/01/16 3:36:29 PM GMT+1","2 spaces","Yes","AirBnb","ESLint"
"2017/01/16 3:36:33 PM GMT+1","2 spaces","Yes","AirBnb","ESLint"
"2017/01/16 3:36:35 PM GMT+1","2 spaces","Yes","AirBnb","ESLint"
"2017/01/16 3:37:03 PM GMT+1","2 spaces","Yes","Standard","ESLint"
"2017/01/16 3:37:07 PM GMT+1","Tabs","Yes","Standard","ESLint"
"2017/01/16 3:37:33 PM GMT+1","4 spaces","Yes","Don’t use any","Prettier"
"2017/01/16 3:37:46 PM GMT+1","2 spaces","Yes","AirBnb","ESLint"
"2017/01/16 3:37:48 PM GMT+1","2 spaces","Yes","AirBnb","ESLint"
"2017/01/16 3:37:54 PM GMT+1","4 spaces","Yes","Standard","ESLint"
"2017/01/16 3:38:12 PM GMT+1","4 spaces","Yes","AirBnb","ESLint"
"2017/01/16 3:38:15 PM GMT+1","4 spaces","Yes","Don’t use any","ESLint"
"2017/01/16 3:38:36 PM GMT+1","2 spaces","Yes","Don’t use any","ESLint;JSHint;JSCS"
"2017/01/16 3:38:38 PM GMT+1","2 spaces","No","Standard","ESLint"
"2017/01/16 3:38:50 PM GMT+1","Tabs","Yes","Don’t use any","None"
"2017/01/16 3:38:56 PM GMT+1","Tabs","Yes","Don’t use any","ESLint;JSHint"
"2017/01/16 3:39:21 PM GMT+1","4 spaces","Yes","AirBnb","ESLint"
"2017/01/16 3:39:40 PM GMT+1","2 spaces","Yes","eslint-config-llama","ESLint"
"2017/01/16 3:40:03 PM GMT+1","2 spaces","Yes","Don’t use any","ESLint"
"2017/01/16 3:40:11 PM GMT+1","4 spaces","Yes","Standard","ESLint"
"2017/01/16 3:40:27 PM GMT+1","4 spaces","Yes","AirBnb","ESLint"
"2017/01/16 3:40:48 PM GMT+1","2 spaces","Yes","Standard","ESLint"
"2017/01/16 3:40:53 PM GMT+1","4 spaces","No","Don’t use any","ESLint"
"2017/01/16 3:40:54 PM GMT+1","4 spaces","No","Don’t use any",""
"2017/01/16 3:41:09 PM GMT+1","2 spaces","Yes","Don’t use any","ESLint;JSHint;JSCS"
"2017/01/16 3:41:18 PM GMT+1","4 spaces","Yes","AirBnb","ESLint;JSHint"
"2017/01/16 3:41:33 PM GMT+1","2 spaces","No","AirBnb","ESLint"
"2017/01/16 3:41:36 PM GMT+1","2 spaces","No","Standard","ESLint;Standard"
"2017/01/16 3:41:42 PM GMT+1","Tabs","Yes","AirBnb","ESLint"
"2017/01/16 3:41:47 PM GMT+1","2 spaces","Yes","Don’t use any","ESLint"
"2017/01/16 3:41:55 PM GMT+1","2 spaces","No","AirBnb","ESLint"
"2017/01/16 3:42:00 PM GMT+1","4 spaces","Yes","AirBnb","ESLint"
"2017/01/16 3:42:03 PM GMT+1","2 spaces","Yes","AirBnb","ESLint"
"2017/01/16 3:42:04 PM GMT+1","4 spaces","Yes","AirBnb","ESLint"
"2017/01/16 3:42:04 PM GMT+1","2 spaces","Yes","AirBnb","ESLint"
"2017/01/16 3:42:38 PM GMT+1","2 spaces","Yes","Don’t use any","ESLint"
"2017/01/16 3:42:49 PM GMT+1","4 spaces","Yes","Don’t use any","ESLint;xo"
"2017/01/16 3:42:50 PM GMT+1","2 spaces","Yes","Mostly recommended from eslint & react plugin","ESLint"
"2017/01/16 3:43:08 PM GMT+1","2 spaces","Yes","Don’t use any",""
"2017/01/16 3:43:11 PM GMT+1","2 spaces","Yes","Standard","TSLint"
"2017/01/16 3:43:13 PM GMT+1","4 spaces","No","AirBnb","ESLint"
"2017/01/16 3:43:40 PM GMT+1","2 spaces","Yes","Don’t use any","editorconfig"
"2017/01/16 3:43:46 PM GMT+1","Tabs","Yes","react","ESLint"
"2017/01/16 3:43:52 PM GMT+1","2 spaces","No","AirBnb","ESLint"
"2017/01/16 3:43:55 PM GMT+1","2 spaces","No","Standard","Standard"
"2017/01/16 3:43:57 PM GMT+1","2 spaces","Yes","Don’t use any",""
"2017/01/16 3:43:59 PM GMT+1","Tabs","No","AirBnb","ESLint"
"2017/01/16 3:44:09 PM GMT+1","2 spaces","Yes","Standard","ESLint"
"2017/01/16 3:44:30 PM GMT+1","4 spaces","Yes","AirBnb","ESLint"
"2017/01/16 3:44:32 PM GMT+1","4 spaces","Yes","Standard","ESLint"
"2017/01/16 3:44:38 PM GMT+1","2 spaces","Yes","AirBnb","ESLint"
"2017/01/16 3:45:08 PM GMT+1","Tabs","Yes","AirBnb","ESLint"
"2017/01/16 3:45:09 PM GMT+1","4 spaces","Yes","Don’t use any","Standard"
"2017/01/16 3:45:23 PM GMT+1","4 spaces","No","Don’t use any","ESLint"
"2017/01/16 3:45:27 PM GMT+1","2 spaces","Yes","Google","ESLint;JSHint;JSCS"
"2017/01/16 3:45:32 PM GMT+1","2 spaces","Yes","Don’t use any","ESLint"
"2017/01/16 3:45:41 PM GMT+1","2 spaces","Yes","Standard","ESLint;JSCS"
"2017/01/16 3:46:04 PM GMT+1","Tabs","Yes","Don’t use any","none"
"2017/01/16 3:46:26 PM GMT+1","2 spaces","Yes","Don’t use any","ESLint"
"2017/01/16 3:46:35 PM GMT+1","Tabs","Yes","AirBnb","ESLint"
"2017/01/16 3:46:37 PM GMT+1","2 spaces","No","Standard","Standard"
"2017/01/16 3:46:59 PM GMT+1","4 spaces","Yes","AirBnb","ESLint"
"2017/01/16 3:47:00 PM GMT+1","4 spaces","Yes","Standard","JSHint"
"2017/01/16 3:47:15 PM GMT+1","Tabs","Yes","Don’t use any",""
"2017/01/16 3:47:27 PM GMT+1","2 spaces","Yes","AirBnb","ESLint"
"2017/01/16 3:47:37 PM GMT+1","2 spaces","No","Don’t use any","ESLint"
"2017/01/16 3:47:46 PM GMT+1","2 spaces","No","Standard","Standard"
"2017/01/16 3:47:46 PM GMT+1","Tabs","No","Standard","ESLint"
"2017/01/16 3:47:51 PM GMT+1","2 spaces","Yes","AirBnb","ESLint"
"2017/01/16 3:47:58 PM GMT+1","2 spaces","Yes","AirBnb","ESLint"
"2017/01/16 3:48:01 PM GMT+1","Tabs of 2 spaces","Yes","Don’t use any","ESLint"
"2017/01/16 3:48:07 PM GMT+1","Tabs","Yes","AirBnb","ESLint"
"2017/01/16 3:48:11 PM GMT+1","4 spaces","Yes","AirBnb","ESLint;JSHint"
"2017/01/16 3:48:18 PM GMT+1","2 spaces","Yes","own preset","ESLint"
"2017/01/16 3:48:29 PM GMT+1","Tabs","Yes","Company","ESLint"
"2017/01/16 3:48:44 PM GMT+1","2 spaces","Yes","Don’t use any",""
"2017/01/16 3:49:05 PM GMT+1","Tabs","Yes","Don’t use any","ESLint"
"2017/01/16 3:49:08 PM GMT+1","2 spaces","No","My own","ESLint"
"2017/01/16 3:49:25 PM GMT+1","2 spaces","Yes","AirBnb","ESLint"
"2017/01/16 3:49:38 PM GMT+1","4 spaces","Yes","own","ESLint"
"2017/01/16 3:49:39 PM GMT+1","4 spaces","Yes","Don’t use any",""
"2017/01/16 3:49:43 PM GMT+1","2 spaces","No","Standard","ESLint"
"2017/01/16 3:49:46 PM GMT+1","2 spaces","Yes","Don’t use any","ESLint"
"2017/01/16 3:50:22 PM GMT+1","2 spaces","Yes","AirBnb","ESLint"
"2017/01/16 3:50:32 PM GMT+1","Tabs","Yes","Standard","Standard"
"2017/01/16 3:50:42 PM GMT+1","4 spaces","Yes","Standard","ESLint;JSHint;JSCS"
"2017/01/16 3:50:42 PM GMT+1","2 spaces","Yes","Prettier","Prettier"
"2017/01/16 3:50:48 PM GMT+1","4 spaces","Yes","eslint:recommended, react/recommended","ESLint"
"2017/01/16 3:50:50 PM GMT+1","2 spaces","Yes","AirBnb","ESLint"
"2017/01/16 3:50:58 PM GMT+1","2 spaces","Yes","AirBnb","ESLint"
"2017/01/16 3:51:03 PM GMT+1","2 spaces","Yes","Don’t use any","ESLint;JSHint"
"2017/01/16 3:51:04 PM GMT+1","Tabs","Yes","https://github.com/coryhouse/pluralsight-redux-starter/blob/master/.eslintrc","ESLint"
"2017/01/16 3:51:16 PM GMT+1","2 spaces","Yes","AirBnb","ESLint"
"2017/01/16 3:51:27 PM GMT+1","2 spaces","Yes","AirBnb","ESLint"
"2017/01/16 3:51:39 PM GMT+1","2 spaces","Yes","rallycoding","ESLint"
"2017/01/16 3:51:53 PM GMT+1","4 spaces","No","Standard","Standard"
"2017/01/16 3:51:59 PM GMT+1","2 spaces","Yes","Mark volkmann ","ESLint"
"2017/01/16 3:52:19 PM GMT+1","2 spaces","Yes","modified AirBnb","ESLint"
"2017/01/16 3:52:21 PM GMT+1","2 spaces","No","Corporate","Corporate"
"2017/01/16 3:52:27 PM GMT+1","4 spaces","Yes","Don’t use any",""
"2017/01/16 3:52:36 PM GMT+1","Tabs","Yes","Don’t use any",""
"2017/01/16 3:52:47 PM GMT+1","2 spaces","Yes","AirBnb","ESLint"
"2017/01/16 3:53:15 PM GMT+1","2 spaces","Yes","Don’t use any","ESLint"
"2017/01/16 3:53:21 PM GMT+1","4 spaces","Yes","Don’t use any","ESLint"
"2017/01/16 3:53:36 PM GMT+1","Tabs","Yes","Don’t use any","ESLint"
"2017/01/16 3:53:37 PM GMT+1","2 spaces","Yes","typescript compiler","tslint"
"2017/01/16 3:54:11 PM GMT+1","2 spaces","Yes","AirBnb","ESLint"
"2017/01/16 3:54:25 PM GMT+1","2 spaces","No","AirBnb","ESLint"
"2017/01/16 3:54:31 PM GMT+1","4 spaces","Yes","Don’t use any",""
"2017/01/16 3:55:05 PM GMT+1","2 spaces","Yes","Standard","ESLint"
"2017/01/16 3:55:19 PM GMT+1","2 spaces","Yes","AirBnb","ESLint"
"2017/01/16 3:56:21 PM GMT+1","2 spaces","Yes","AirBnb","ESLint"
"2017/01/16 3:56:22 PM GMT+1","2 spaces","Yes","AirBnb","ESLint"
"2017/01/16 3:56:37 PM GMT+1","Tabs","Yes","Don’t use any","ESLint;js-beautify"
"2017/01/16 3:56:42 PM GMT+1","2 spaces","Yes","Don’t use any","ESLint"
"2017/01/16 3:56:53 PM GMT+1","Tabs","No","Don’t use any","ESLint"
"2017/01/16 3:57:04 PM GMT+1","4 spaces","Yes","Standard","ESLint;JSHint"
"2017/01/16 3:57:11 PM GMT+1","2 spaces","No","Don’t use any","JSHint"
"2017/01/16 3:57:26 PM GMT+1","2 spaces","Yes","Create react app","ESLint"
"2017/01/16 3:57:33 PM GMT+1","2 spaces","Yes","Semistandard","ESLint"
"2017/01/16 3:57:36 PM GMT+1","Tabs","Yes","Standard","ESLint;Prettier"
"2017/01/16 3:57:47 PM GMT+1","2 spaces","No","AirBnb, formatting only, no style","ESLint"
"2017/01/16 3:58:03 PM GMT+1","2 spaces","No","AirBnb","ESLint"
"2017/01/16 3:58:14 PM GMT+1","4 spaces","Yes","AirBnb","ESLint"
"2017/01/16 3:58:23 PM GMT+1","2 spaces","No","Standard","ESLint;Standard"
"2017/01/16 3:58:25 PM GMT+1","2 spaces","Yes","Don’t use any","ESLint"
"2017/01/16 3:58:40 PM GMT+1","2 spaces","Yes","Standard","ESLint"
"2017/01/16 3:59:01 PM GMT+1","2 spaces","Yes","AirBnb","ESLint"
"2017/01/16 3:59:02 PM GMT+1","2 spaces","No","AirBnb","ESLint"
"2017/01/16 3:59:04 PM GMT+1","Tabs","Yes","Don’t use any","Standard"
"2017/01/16 3:59:05 PM GMT+1","2 spaces","Yes","Node standard react airbnb","ESLint"
"2017/01/16 3:59:11 PM GMT+1","4 spaces","Yes","Don’t use any","ESLint"
"2017/01/16 3:59:34 PM GMT+1","2 spaces","Yes","Standard","ESLint"
"2017/01/16 3:59:34 PM GMT+1","2 spaces","Yes","Don’t use any","ESLint"
"2017/01/16 3:59:51 PM GMT+1","4 spaces","Yes","Don’t use any","Webstorm defaults"
"2017/01/16 3:59:52 PM GMT+1","2 spaces","Yes","Don’t use any","None "
"2017/01/16 4:00:50 PM GMT+1","Tabs","Yes","Don’t use any","ESLint"
"2017/01/16 4:01:21 PM GMT+1","2 spaces","Yes","Standard","ESLint"
"2017/01/16 4:01:27 PM GMT+1","2 spaces","Yes","Recommended","ESLint"
"2017/01/16 4:01:56 PM GMT+1","2 spaces","No","my own","ESLint"
"2017/01/16 4:02:20 PM GMT+1","2 spaces","Yes","Standard","ESLint;JSHint"
"2017/01/16 4:02:53 PM GMT+1","Tabs","Yes","Standard","ESLint"
"2017/01/16 4:03:11 PM GMT+1","4 spaces","No","Don’t use any","ESLint"
"2017/01/16 4:03:21 PM GMT+1","2 spaces","No","Don’t use any","cra"
"2017/01/16 4:03:40 PM GMT+1","2 spaces","Yes","Don’t use any","ESLint"
"2017/01/16 4:04:03 PM GMT+1","4 spaces","Yes","fork from airBnB modified for our usage","ESLint"
"2017/01/16 4:04:07 PM GMT+1","2 spaces","Yes","AirBnb","ESLint"
"2017/01/16 4:04:29 PM GMT+1","4 spaces","Yes","AirBnb","ESLint"
"2017/01/16 4:04:33 PM GMT+1","2 spaces","No","Don’t use any","ESLint"
"2017/01/16 4:04:57 PM GMT+1","Tabs","No","Standard","ESLint"
"2017/01/16 4:05:09 PM GMT+1","2 spaces","No","Standard","ESLint;Standard"
"2017/01/16 4:05:19 PM GMT+1","2 spaces","No","Standard","ESLint"
"2017/01/16 4:05:35 PM GMT+1","Tabs","Yes","Don’t use any","ESLint;JSCS"
"2017/01/16 4:05:44 PM GMT+1","4 spaces","Yes","Standard","ESLint"
"2017/01/16 4:05:47 PM GMT+1","Tabs","No","Don’t use any","JSCS;Prettier"
"2017/01/16 4:05:57 PM GMT+1","Tabs","Yes","Standard","ESLint"
"2017/01/16 4:06:16 PM GMT+1","2 spaces","No","Create-react-app","ESLint"
"2017/01/16 4:06:18 PM GMT+1","4 spaces","Yes","Don’t use any","ESLint"
"2017/01/16 4:06:23 PM GMT+1","2 spaces","Yes","AirBnb","ESLint"
"2017/01/16 4:06:44 PM GMT+1","2 spaces","Yes","AirBnb","ESLint"
"2017/01/16 4:06:49 PM GMT+1","Tabs","No","AirBnb","ESLint;JSHint"
"2017/01/16 4:06:55 PM GMT+1","2 spaces","Yes","Standard","ESLint"
"2017/01/16 4:07:20 PM GMT+1","Tabs","No","Standard","ESLint"
"2017/01/16 4:07:46 PM GMT+1","2 spaces","Yes","Standard","JSHint"
"2017/01/16 4:08:09 PM GMT+1","2 spaces","Yes","AirBnb","ESLint"
"2017/01/16 4:08:41 PM GMT+1","4 spaces","Yes","AirBnb","ESLint"
"2017/01/16 4:08:45 PM GMT+1","2 spaces","Yes","AirBnb","ESLint"
"2017/01/16 4:08:58 PM GMT+1","2 spaces","Yes","Don’t use any","ESLint"
"2017/01/16 4:10:13 PM GMT+1","Tabs","No","Standard","ESLint;Standard"
"2017/01/16 4:10:14 PM GMT+1","Tabs","Yes","Custom rules","ESLint"
"2017/01/16 4:10:31 PM GMT+1","Tabs","Yes","Don’t use any","Tslint"
"2017/01/16 4:10:31 PM GMT+1","4 spaces","Yes","custom","ESLint"
"2017/01/16 4:10:39 PM GMT+1","Tabs","Yes","Standard","JSHint"
"2017/01/16 4:10:44 PM GMT+1","2 spaces","Yes","AirBnb","ESLint"
"2017/01/16 4:10:59 PM GMT+1","Tabs","Yes","Don’t use any","ESLint"
"2017/01/16 4:11:17 PM GMT+1","2 spaces","Yes","AirBnb","ESLint"
"2017/01/16 4:11:29 PM GMT+1","2 spaces","Yes","Standard","ESLint"
"2017/01/16 4:11:37 PM GMT+1","Tabs","Yes","Don’t use any","Standard"
"2017/01/16 4:12:14 PM GMT+1","2 spaces","Yes","AirBnb","ESLint"
"2017/01/16 4:12:28 PM GMT+1","2 spaces","Yes","Don’t use any","ESLint"
"2017/01/16 4:12:50 PM GMT+1","3 spaces","No","Modified airbnb","ESLint"
"2017/01/16 4:12:50 PM GMT+1","2 spaces","Yes","AirBnb","ESLint"
"2017/01/16 4:12:54 PM GMT+1","2 spaces","Yes","Our own","ESLint"
"2017/01/16 4:12:55 PM GMT+1","2 spaces","Yes","AirBnb","ESLint"
"2017/01/16 4:12:55 PM GMT+1","2 spaces","Yes","AirBnb","ESLint;Prettier"
"2017/01/16 4:13:13 PM GMT+1","2 spaces","No","AirBnb","ESLint;Prettier"
"2017/01/16 4:13:24 PM GMT+1","2 spaces","Yes","Don’t use any","ESLint"
"2017/01/16 4:13:25 PM GMT+1","2 spaces","No","Don’t use any","ESLint"
"2017/01/16 4:13:28 PM GMT+1","2 spaces","Yes","AirBnb","ESLint"
"2017/01/16 4:13:37 PM GMT+1","2 spaces","No","Standard","ESLint"
"2017/01/16 4:13:48 PM GMT+1","2 spaces","Yes","AirBnb","ESLint"
"2017/01/16 4:13:54 PM GMT+1","2 spaces","Yes","Standard","ESLint"
"2017/01/16 4:13:54 PM GMT+1","2 spaces","No","Don’t use any","ESLint"
"2017/01/16 4:14:40 PM GMT+1","4 spaces","Yes","AirBnb","ESLint"
"2017/01/16 4:14:53 PM GMT+1","2 spaces","Yes","Standard","ESLint;Prettier"
"2017/01/16 4:15:21 PM GMT+1","2 spaces","No","AirBnb","ESLint"
"2017/01/16 4:15:31 PM GMT+1","2 spaces","No","Vue","ESLint"
"2017/01/16 4:15:58 PM GMT+1","Tabs","No","Don’t use any","JSHint"
"2017/01/16 4:16:36 PM GMT+1","4 spaces","Yes","AirBnb","ESLint"
"2017/01/16 4:16:40 PM GMT+1","2 spaces","No","Mine :P","ESLint;Prettier"
"2017/01/16 4:16:50 PM GMT+1","2 spaces","Yes","Don’t use any","ESLint"
"2017/01/16 4:17:01 PM GMT+1","2 spaces","Yes","AirBnb","ESLint"
"2017/01/16 4:17:03 PM GMT+1","2 spaces","Yes","my lint settings","ESLint"
"2017/01/16 4:17:05 PM GMT+1","2 spaces","Yes","AirBnb","ESLint"
"2017/01/16 4:17:24 PM GMT+1","2 spaces","Yes","AirBnb","ESLint"
"2017/01/16 4:17:27 PM GMT+1","Tabs","Yes","AirBnb","ESLint"
"2017/01/16 4:17:43 PM GMT+1","2 spaces","No","Standard","Standard"
"2017/01/16 4:18:01 PM GMT+1","2 spaces","Yes","AirBnb","ESLint"
"2017/01/16 4:18:29 PM GMT+1","4 spaces","No","Don’t use any",""
"2017/01/16 4:19:17 PM GMT+1","2 spaces","Yes","semi-standard","ESLint"
"2017/01/16 4:19:51 PM GMT+1","2 spaces","Yes","Don’t use any","JSHint;JSCS"
"2017/01/16 4:20:56 PM GMT+1","2 spaces","No","AirBnb","ESLint"
"2017/01/16 4:21:04 PM GMT+1","Tabs","Yes","Custom config in scoped npm package","ESLint"
"2017/01/16 4:21:36 PM GMT+1","2 spaces","Yes","AirBnb","ESLint"
"2017/01/16 4:21:41 PM GMT+1","2 spaces","Yes","Don’t use any","ESLint"
"2017/01/16 4:21:54 PM GMT+1","2 spaces","Yes","AirBnb","ESLint;Prettier"
"2017/01/16 4:22:24 PM GMT+1","Tabs","Yes","AirBnb","ESLint"
"2017/01/16 4:22:27 PM GMT+1","4 spaces","Yes","Standard","ESLint"
"2017/01/16 4:23:50 PM GMT+1","2 spaces","Yes","Uber","ESLint"
"2017/01/16 4:23:58 PM GMT+1","4 spaces","No","Standard","ESLint"
"2017/01/16 4:24:24 PM GMT+1","2 spaces","No","AirBnb","ESLint"
"2017/01/16 4:24:26 PM GMT+1","2 spaces","Yes","AirBnb","ESLint"
"2017/01/16 4:24:39 PM GMT+1","2 spaces","Yes","AirBnb","ESLint"
"2017/01/16 4:26:32 PM GMT+1","2 spaces","Yes","AirBnb","ESLint"
"2017/01/16 4:26:34 PM GMT+1","Tabs","Yes","Don’t use any",""
"2017/01/16 4:27:04 PM GMT+1","2 spaces","Yes","AirBnb","ESLint"
"2017/01/16 4:27:54 PM GMT+1","4 spaces","Yes","Standard","ESLint"
"2017/01/16 4:28:01 PM GMT+1","Tabs","Yes","Standard","ESLint"
"2017/01/16 4:28:16 PM GMT+1","2 spaces","Yes","Standard","ESLint;Prettier"
"2017/01/16 4:28:49 PM GMT+1","4 spaces","No","Don’t use any","ESLint"
"2017/01/16 4:29:10 PM GMT+1","2 spaces","Yes","Custom eslint","ESLint;Prettier"
"2017/01/16 4:29:12 PM GMT+1","2 spaces","No","Standard","ESLint;Standard"
"2017/01/16 4:29:35 PM GMT+1","Tabs","Yes","own","ESLint"
"2017/01/16 4:31:19 PM GMT+1","2 spaces","Yes","AirBnb","ESLint"
"2017/01/16 4:31:20 PM GMT+1","2 spaces","Yes","Don’t use any",""
"2017/01/16 4:32:35 PM GMT+1","2 spaces","Yes","Standard","ESLint;JSHint"
"2017/01/16 4:33:37 PM GMT+1","2 spaces","Yes","Don’t use any","ESLint"
"2017/01/16 4:34:12 PM GMT+1","2 spaces","No","custom","ESLint"
"2017/01/16 4:34:16 PM GMT+1","Tabs","Yes","Standard","ESLint"
"2017/01/16 4:34:33 PM GMT+1","Tabs","Yes","eslint-config-cumul8","ESLint"
"2017/01/16 4:35:12 PM GMT+1","4 spaces","Yes","AirBnb","ESLint"
"2017/01/16 4:35:24 PM GMT+1","2 spaces","Yes","AirBnb","ESLint"
"2017/01/16 4:37:02 PM GMT+1","4 spaces","Yes","Don’t use any","ESLint"
"2017/01/16 4:37:30 PM GMT+1","2 spaces","Yes","AirBnb","ESLint;Prettier"
"2017/01/16 4:37:59 PM GMT+1","2 spaces","Yes","AirBnb","ESLint"
"2017/01/16 4:38:29 PM GMT+1","Tabs","Yes","AirBnb","ESLint"
"2017/01/16 4:38:34 PM GMT+1","4 spaces","Yes","Standard","ESLint"
"2017/01/16 4:40:31 PM GMT+1","2 spaces","Yes","Standard","ESLint"
"2017/01/16 4:41:17 PM GMT+1","2 spaces","Yes","Standard","ESLint"
"2017/01/16 4:41:18 PM GMT+1","2 spaces","Yes","AirBnb","ESLint;JSCS"
"2017/01/16 4:41:22 PM GMT+1","2 spaces","Yes","Don’t use any","ESLint"
"2017/01/16 4:41:30 PM GMT+1","2 spaces","Yes","Standard","ESLint"
"2017/01/16 4:41:54 PM GMT+1","2 spaces","Yes","Standard","ESLint"
"2017/01/16 4:42:56 PM GMT+1","2 spaces","Yes","Customized AirBnb","ESLint"
"2017/01/16 4:43:09 PM GMT+1","2 spaces","No","Standard","Standard"
"2017/01/16 4:43:17 PM GMT+1","Tabs","Yes","Standard","JSHint"
"2017/01/16 4:43:27 PM GMT+1","2 spaces","Yes","AirBnb","ESLint"
"2017/01/16 4:43:33 PM GMT+1","2 spaces","Yes","AirBnb","ESLint"
"2017/01/16 4:43:57 PM GMT+1","Tabs","Yes","Standard","ESLint"
"2017/01/16 4:44:26 PM GMT+1","4 spaces","Yes","Standard","ESLint"
"2017/01/16 4:44:36 PM GMT+1","2 spaces","Yes","Don’t use any",""
"2017/01/16 4:44:52 PM GMT+1","2 spaces","Yes","AirBnb",""
"2017/01/16 4:45:08 PM GMT+1","2 spaces","Yes","AirBnb","ESLint"
"2017/01/16 4:45:17 PM GMT+1","2 spaces","No","Standard","ESLint"
"2017/01/16 4:45:48 PM GMT+1","2 spaces","Yes","Don’t use any","ESLint"
"2017/01/16 4:46:20 PM GMT+1","2 spaces","Yes","Don’t use any","ESLint"
"2017/01/16 4:46:25 PM GMT+1","4 spaces","No","AirBnb","ESLint;JSHint"
"2017/01/16 4:46:44 PM GMT+1","Tabs","No","Don’t use any","ESLint"
"2017/01/16 4:46:58 PM GMT+1","2 spaces","Yes","AirBnb","ESLint"
"2017/01/16 4:47:34 PM GMT+1","Tabs","Yes","AirBnb","ESLint"
"2017/01/16 4:48:06 PM GMT+1","2 spaces","No","Standard","ESLint;Prettier;Standard"
"2017/01/16 4:49:36 PM GMT+1","2 spaces","No","Standard","ESLint"
"2017/01/16 4:49:59 PM GMT+1","2 spaces","Yes","AirBnb","ESLint"
"2017/01/16 4:50:27 PM GMT+1","2 spaces","Yes","Standard","ESLint"
"2017/01/16 4:50:35 PM GMT+1","Tabs","No","Don’t use any","ESLint;JSHint"
"2017/01/16 4:50:46 PM GMT+1","tabs (2 spaces)","Yes","AirBnb","ESLint"
"2017/01/16 4:51:02 PM GMT+1","YOLO, mixing everything","Yes","Don’t use any",""
"2017/01/16 4:51:19 PM GMT+1","4 spaces","No","Standard","ESLint"
"2017/01/16 4:53:05 PM GMT+1","4 spaces","Yes","Don’t use any","ESLint"
"2017/01/16 4:54:17 PM GMT+1","2 spaces","Yes","AirBnb","ESLint;JSHint"
"2017/01/16 4:54:24 PM GMT+1","4 spaces","Yes","Standard","ESLint"
"2017/01/16 4:54:40 PM GMT+1","Tabs","Yes","Semistandard","ESLint"
"2017/01/16 4:54:41 PM GMT+1","2 spaces","Yes","AirBnb","ESLint"
"2017/01/16 4:55:16 PM GMT+1","2 spaces","Yes","AirBnb","ESLint"
"2017/01/16 4:55:29 PM GMT+1","2 spaces","Yes","AirBnb","JSHint;Prettier"
"2017/01/16 4:55:55 PM GMT+1","Tabs","Yes","Standard","ESLint"
"2017/01/16 4:56:08 PM GMT+1","2 spaces","No","Standard","ESLint"
"2017/01/16 4:56:23 PM GMT+1","2 spaces","Yes","AirBnb","ESLint"
"2017/01/16 4:56:26 PM GMT+1","2 spaces","Yes","Standard","ESLint"
"2017/01/16 4:56:36 PM GMT+1","4 spaces","Yes","AirBnb","ESLint"
"2017/01/16 4:57:43 PM GMT+1","2 spaces","No","Don’t use any","ESLint"
"2017/01/16 4:57:52 PM GMT+1","2 spaces","Yes","Standard","ESLint"
"2017/01/16 4:58:08 PM GMT+1","2 spaces","Yes","AirBnb","ESLint;JSHint;JSCS"
"2017/01/16 4:58:37 PM GMT+1","Tabs","No","AirBnb","ESLint"
"2017/01/16 4:58:43 PM GMT+1","2 spaces","Yes","AirBnb","ESLint"
"2017/01/16 5:00:02 PM GMT+1","2 spaces","Yes","AirBnb","ESLint"
"2017/01/16 5:00:49 PM GMT+1","4 spaces","Yes","Don’t use any","ESLint"
"2017/01/16 5:01:19 PM GMT+1","2 spaces","No","Standard","ESLint"
"2017/01/16 5:02:10 PM GMT+1","2 spaces","Yes","Don’t use any","ESLint"
"2017/01/16 5:02:12 PM GMT+1","2 spaces","No","Standard","Standard"
"2017/01/16 5:02:18 PM GMT+1","4 spaces","Yes","Mine ","ESLint"
"2017/01/16 5:02:25 PM GMT+1","4 spaces","Yes","Company specific","ESLint"
"2017/01/16 5:02:35 PM GMT+1","2 spaces","Yes","Don’t use any","ESLint"
"2017/01/16 5:02:53 PM GMT+1","2 spaces","No","Standard","ESLint;Standard"
"2017/01/16 5:03:14 PM GMT+1","4 spaces","Yes","Don’t use any","Standard"
"2017/01/16 5:04:16 PM GMT+1","4 spaces","No","AirBnb","ESLint"
"2017/01/16 5:05:10 PM GMT+1","2 spaces","No","AirBnb","ESLint"
"2017/01/16 5:05:52 PM GMT+1","Tabs","No","AirBnb","ESLint"
"2017/01/16 5:05:59 PM GMT+1","4 spaces","Yes","Don’t use any","ESLint"
"2017/01/16 5:06:06 PM GMT+1","2 spaces","Yes","Don’t use any","ESLint"
"2017/01/16 5:06:09 PM GMT+1","2 spaces","Yes","Don’t use any",""
"2017/01/16 5:06:17 PM GMT+1","4 spaces","Yes","Don’t use any","ESLint"
"2017/01/16 5:06:55 PM GMT+1","Tabs","Yes","xo","ESLint;xo"
"2017/01/16 5:07:37 PM GMT+1","4 spaces","No","Don’t use any",""
"2017/01/16 5:07:41 PM GMT+1","2 spaces","Yes","AirBnb","ESLint"
"2017/01/16 5:08:29 PM GMT+1","4 spaces","No","Don’t use any","ESLint"
"2017/01/16 5:08:50 PM GMT+1","2 spaces","Yes","AirBnb","ESLint"
"2017/01/16 5:08:55 PM GMT+1","2 spaces","No","Standard","ESLint"
"2017/01/16 5:09:29 PM GMT+1","2 spaces","Yes","AirBnb","ESLint"
"2017/01/16 5:10:41 PM GMT+1","2 spaces","No","AirBnb","ESLint"
"2017/01/16 5:12:14 PM GMT+1","2 spaces","Yes","Standard","ESLint;JSHint"
"2017/01/16 5:12:14 PM GMT+1","2 spaces","No","Standard","ESLint"
"2017/01/16 5:12:50 PM GMT+1","4 spaces","Yes","AirBnb","ESLint"
"2017/01/16 5:13:28 PM GMT+1","2 spaces","Yes","AirBnb","ESLint"
"2017/01/16 5:13:49 PM GMT+1","2 spaces","Yes","AirBnb","ESLint;Prettier"
"2017/01/16 5:13:56 PM GMT+1","2 spaces","No","Don’t use any","ESLint;Prettier"
"2017/01/16 5:14:06 PM GMT+1","Tabs","No","Don’t use any","ESLint"
"2017/01/16 5:15:33 PM GMT+1","2 spaces","Yes","AirBnb","ESLint"
"2017/01/16 5:16:54 PM GMT+1","2 spaces","Yes","Custom","ESLint"
"2017/01/16 5:17:22 PM GMT+1","2 spaces","No","Standard","Prettier;Standard"
"2017/01/16 5:17:28 PM GMT+1","I just press tab and the editor formats it to something else I don't even know","Yes","Don’t use any",""
"2017/01/16 5:17:29 PM GMT+1","2 spaces","Yes","Standard","ESLint"
"2017/01/16 5:17:31 PM GMT+1","2 spaces","No","Standard","Standard"
"2017/01/16 5:19:15 PM GMT+1","4 spaces","Yes","Don’t use any","ESLint"
"2017/01/16 5:19:15 PM GMT+1","Tabs","Yes","Vue","ESLint"
"2017/01/16 5:19:40 PM GMT+1","2 spaces","Yes","AirBnb","ESLint"
"2017/01/16 5:20:30 PM GMT+1","2 spaces","Yes","AirBnb","ESLint"
"2017/01/16 5:20:52 PM GMT+1","2 spaces","Yes","AirBnb","ESLint"
"2017/01/16 5:20:57 PM GMT+1","2 spaces","Yes","semistandard","ESLint"
"2017/01/16 5:22:11 PM GMT+1","2 spaces","Yes","Standard","ESLint;JSHint;JSCS"
"2017/01/16 5:22:13 PM GMT+1","4 spaces","Yes","Standard","ESLint"
"2017/01/16 5:24:24 PM GMT+1","2 spaces","Yes","Standard","ESLint;JSHint"
"2017/01/16 5:24:26 PM GMT+1","4 spaces","Yes","Don’t use any","ESLint;JSHint"
"2017/01/16 5:26:00 PM GMT+1","Tabs","Yes","Standard","ESLint"
"2017/01/16 5:26:26 PM GMT+1","2 spaces","No","Standard","Standard"
"2017/01/16 5:26:39 PM GMT+1","4 spaces","No","Don’t use any",""
"2017/01/16 5:27:22 PM GMT+1","2 spaces","No","AirBnb","JSHint"
"2017/01/16 5:27:28 PM GMT+1","2 spaces","Yes","AirBnb","ESLint"
"2017/01/16 5:27:48 PM GMT+1","2 spaces","No","Standard","ESLint;Standard"
"2017/01/16 5:27:55 PM GMT+1","2 spaces","Yes","Standard","ESLint"
"2017/01/16 5:28:29 PM GMT+1","2 spaces","Yes","AirBnb","ESLint"
"2017/01/16 5:28:38 PM GMT+1","2 spaces","No","Don’t use any","ESLint"
"2017/01/16 5:28:44 PM GMT+1","Tabs","Yes","don't know: create-react-app's","ESLint"
"2017/01/16 5:29:02 PM GMT+1","2 spaces","Yes","AirBnb","ESLint"
"2017/01/16 5:29:08 PM GMT+1","Tabs","Yes","Don’t use any",""
"2017/01/16 5:29:17 PM GMT+1","2 spaces","Yes","Don’t use any","ESLint"
"2017/01/16 5:30:14 PM GMT+1","2 spaces","Yes","AirBnb","ESLint"
"2017/01/16 5:32:00 PM GMT+1","2 spaces","Yes","Standard","ESLint"
"2017/01/16 5:35:26 PM GMT+1","2 spaces","No","Standard","ESLint"
"2017/01/16 5:36:15 PM GMT+1","4 spaces","Yes","Don’t use any","ESLint"
"2017/01/16 5:36:16 PM GMT+1","4 spaces","Yes","Don’t use any","ESLint"
"2017/01/16 5:36:58 PM GMT+1","4 spaces","Yes","AirBnb","ESLint;xo"
"2017/01/16 5:37:44 PM GMT+1","2 spaces","No","AirBnb","ESLint"
"2017/01/16 5:37:50 PM GMT+1","4 spaces","Yes","Don’t use any","Prettier"
"2017/01/16 5:38:06 PM GMT+1","2 spaces","No","Standard","ESLint;Standard"
"2017/01/16 5:38:26 PM GMT+1","Tabs","Yes","Don’t use any",""
"2017/01/16 5:38:53 PM GMT+1","4 spaces","Yes","Standard","ESLint"
"2017/01/16 5:39:17 PM GMT+1","Tabs","Yes","AirBnb","ESLint"
"2017/01/16 5:39:29 PM GMT+1","2 spaces","Yes","Modified version of Airbnb","ESLint"
"2017/01/16 5:39:50 PM GMT+1","2 spaces","Yes","Don’t use any","ESLint;Prettier"
"2017/01/16 5:41:12 PM GMT+1","2 spaces","No","Standard","ESLint;Standard"
"2017/01/16 5:44:32 PM GMT+1","4 spaces","Yes","Don’t use any","ESLint"
"2017/01/16 5:44:40 PM GMT+1","Tabs","Yes","Don’t use any",""
"2017/01/16 5:44:41 PM GMT+1","4 spaces","No","Don’t use any",""
"2017/01/16 5:44:56 PM GMT+1","4 spaces","Yes","Don’t use any",""
"2017/01/16 5:48:14 PM GMT+1","2 spaces","Yes","Don’t use any","ESLint"
"2017/01/16 5:48:29 PM GMT+1","2 spaces","No","Don’t use any",""
"2017/01/16 5:49:25 PM GMT+1","4 spaces","Yes","custom","JSHint"
"2017/01/16 5:50:13 PM GMT+1","2 spaces","No","Don’t use any","nome"
"2017/01/16 5:50:16 PM GMT+1","2 spaces","Yes","AirBnb","ESLint"
"2017/01/16 5:51:37 PM GMT+1","2 spaces","Yes","Custom","ESLint"
"2017/01/16 5:51:56 PM GMT+1","2 spaces","Yes","Standard","ESLint;JSHint"
"2017/01/16 5:52:33 PM GMT+1","Tabs","No","AirBnb","ESLint"
"2017/01/16 5:53:38 PM GMT+1","2 spaces","Yes","AirBnb","ESLint"
"2017/01/16 5:53:50 PM GMT+1","2 spaces","Yes","AirBnb","ESLint"
"2017/01/16 5:53:51 PM GMT+1","2 spaces","No","Standard","ESLint"
"2017/01/16 5:54:16 PM GMT+1","2 spaces","Yes","Standard","JSHint"
"2017/01/16 5:56:44 PM GMT+1","2 spaces","No","Standard","Standard"
"2017/01/16 5:57:09 PM GMT+1","2 spaces","Yes","Don’t use any","ESLint;Prettier"
"2017/01/16 5:58:06 PM GMT+1","2 spaces","Yes","AirBnb","ESLint"
"2017/01/16 6:00:38 PM GMT+1","2 spaces","Yes","Don’t use any","ESLint"
"2017/01/16 6:01:32 PM GMT+1","Tabs","Yes","Don’t use any","ESLint"
"2017/01/16 6:02:24 PM GMT+1","2 spaces","Yes","AirBnb","ESLint"
"2017/01/16 6:02:39 PM GMT+1","2 spaces","Yes","Formidable","ESLint"
"2017/01/16 6:05:15 PM GMT+1","2 spaces","No","Our own","ESLint"
"2017/01/16 6:06:23 PM GMT+1","2 spaces","Yes","Standard","ESLint"
"2017/01/16 6:06:41 PM GMT+1","4 spaces","Yes","Standard",""
"2017/01/16 6:07:38 PM GMT+1","Tabs","Yes","Don’t use any","ESLint"
"2017/01/16 6:07:49 PM GMT+1","4 spaces","Yes","Standard","ESLint;Standard"
"2017/01/16 6:08:56 PM GMT+1","Tabs","Yes","AirBnb","ESLint;JSHint"
"2017/01/16 6:09:32 PM GMT+1","2 spaces","Yes","TSLint","TSLint"
"2017/01/16 6:11:59 PM GMT+1","2 spaces","Yes","Idiomatic JS","ESLint;JSHint"
"2017/01/16 6:13:28 PM GMT+1","Tabs","Yes","custom","ESLint"
"2017/01/16 6:14:23 PM GMT+1","2 spaces","Yes","AirBnb","ESLint"
"2017/01/16 6:16:14 PM GMT+1","Tabs","Yes","Tslint with Angular presets","ESLint"
"2017/01/16 6:16:48 PM GMT+1","2 spaces","Yes","AirBnb","ESLint"
"2017/01/16 6:17:21 PM GMT+1","Tabs","Yes","Definitely not that ""standard"" BS","ESLint"
"2017/01/16 6:17:33 PM GMT+1","2 spaces","Yes","Don’t use any","ESLint;Prettier"
"2017/01/16 6:17:51 PM GMT+1","2 spaces","Yes","Don’t use any","ESLint"
"2017/01/16 6:17:59 PM GMT+1","4 spaces","Yes","Don’t use any","ESLint"
"2017/01/16 6:18:18 PM GMT+1","2 spaces","Yes","xo","ESLint;xo"
"2017/01/16 6:19:36 PM GMT+1","2 spaces","Yes","Standard","ESLint"
"2017/01/16 6:19:36 PM GMT+1","2 spaces","No","Standard","Standard"
"2017/01/16 6:20:12 PM GMT+1","2 spaces","Yes","AirBnb","ESLint"
"2017/01/16 6:21:30 PM GMT+1","2 spaces","Yes","AirBnb","ESLint"
"2017/01/16 6:21:58 PM GMT+1","4 spaces","Yes","Eslint recommended","ESLint"
"2017/01/16 6:22:33 PM GMT+1","Tabs","Yes","Webbylab","ESLint"
"2017/01/16 6:23:32 PM GMT+1","2 spaces","Yes","AirBnb","ESLint"
"2017/01/16 6:23:53 PM GMT+1","2 spaces","Yes","Don’t use any",""
"2017/01/16 6:24:02 PM GMT+1","Tabs","Yes","Don’t use any",""
"2017/01/16 6:24:05 PM GMT+1","2 spaces","Yes","AirBnb","ESLint"
"2017/01/16 6:25:25 PM GMT+1","Tabs","Yes","AirBnb","ESLint"
"2017/01/16 6:26:10 PM GMT+1","2 spaces","Yes","AirBnb","ESLint;Prettier"
"2017/01/16 6:26:22 PM GMT+1","2 spaces","Yes","Don’t use any","ESLint"
"2017/01/16 6:26:41 PM GMT+1","4 spaces","Yes","AirBnb","ESLint"
"2017/01/16 6:27:30 PM GMT+1","Tabs","Yes","create-react-app's lint rules","ESLint"
"2017/01/16 6:28:49 PM GMT+1","Tabs","Yes","Standard","ESLint"
"2017/01/16 6:29:06 PM GMT+1","2 spaces","Yes","Standard","ESLint"
"2017/01/16 6:29:24 PM GMT+1","4 spaces","Yes","Don’t use any","ESLint;JSHint"
"2017/01/16 6:30:29 PM GMT+1","2 spaces","Yes","AirBnb","ESLint"
"2017/01/16 6:31:28 PM GMT+1","2 spaces","Yes","Don’t use any","Prettier"
"2017/01/16 6:31:53 PM GMT+1","4 spaces","Yes","Don’t use any",""
"2017/01/16 6:31:56 PM GMT+1","4 spaces","Yes","Standard","ESLint"
"2017/01/16 6:31:56 PM GMT+1","Tabs","Yes","Don’t use any","ESLint"
"2017/01/16 6:32:33 PM GMT+1","4 spaces","Yes","My own","ESLint;tslint"
"2017/01/16 6:33:16 PM GMT+1","2 spaces","Yes","SublimeLinter","JSHint"
"2017/01/16 6:33:38 PM GMT+1","2 spaces","No","Standard","ESLint;Standard"
"2017/01/16 6:33:44 PM GMT+1","4 spaces","Yes","AirBnb","ESLint;JSCS"
"2017/01/16 6:34:08 PM GMT+1","2 spaces","No","AirBnb","ESLint"
"2017/01/16 6:36:01 PM GMT+1","4 spaces","No","Don’t use any","ESLint"
"2017/01/16 6:37:12 PM GMT+1","2 spaces","No","Netflix","ESLint"
"2017/01/16 6:37:39 PM GMT+1","2 spaces","Yes","AirBnb","ESLint"
"2017/01/16 6:37:46 PM GMT+1","2 spaces","Yes","Don’t use any","ESLint"
"2017/01/16 6:38:22 PM GMT+1","2 spaces","Yes","AirBnb","ESLint"
"2017/01/16 6:38:22 PM GMT+1","2 spaces","Yes","AirBnb","ESLint"
"2017/01/16 6:38:23 PM GMT+1","2 spaces","Yes","Standard","JSHint"
"2017/01/16 6:41:18 PM GMT+1","2 spaces","Yes","AirBnb","ESLint"
"2017/01/16 6:42:13 PM GMT+1","Tabs","No","Don’t use any","JSHint"
"2017/01/16 6:43:47 PM GMT+1","4 spaces","No","Standard","ESLint;JSHint"
"2017/01/16 6:43:55 PM GMT+1","4 spaces","No","Standard","ESLint"
"2017/01/16 6:45:43 PM GMT+1","2 spaces","Yes","Custom","ESLint"
"2017/01/16 6:46:03 PM GMT+1","Tabs","Yes","AirBnb","ESLint"
"2017/01/16 6:46:51 PM GMT+1","Tabs","No","Standard","ESLint"
"2017/01/16 6:51:19 PM GMT+1","2 spaces","Yes","Don’t use any","Tslint"
"2017/01/16 6:52:49 PM GMT+1","2 spaces","No","Standard","ESLint"
"2017/01/16 6:54:25 PM GMT+1","2 spaces","Yes","Don’t use any","JSHint"
"2017/01/16 6:54:45 PM GMT+1","4 spaces","Yes","Tslint","Tslint"
"2017/01/16 6:55:08 PM GMT+1","2 spaces","No","Don’t use any",""
"2017/01/16 6:56:04 PM GMT+1","2 spaces","No","Own","ESLint"
"2017/01/16 6:56:43 PM GMT+1","2 spaces","Yes","Standard","ESLint"
"2017/01/16 6:57:17 PM GMT+1","2 spaces","Yes","Don’t use any",""
"2017/01/16 6:57:53 PM GMT+1","2 spaces","No","Standard","ESLint"
"2017/01/16 6:59:46 PM GMT+1","4 spaces","Yes","Standard","ESLint"
"2017/01/16 7:00:12 PM GMT+1","4 spaces","Yes","Standard","ESHint"
"2017/01/16 7:01:27 PM GMT+1","Tabs","Yes","Standard","ESLint;JSHint;JSCS"
"2017/01/16 7:02:46 PM GMT+1","2 spaces","Yes","AirBnb","ESLint"
"2017/01/16 7:03:59 PM GMT+1","Tabs","Yes","AirBnb","ESLint"
"2017/01/16 7:05:08 PM GMT+1","2 spaces","Yes","Mine","ESLint"
"2017/01/16 7:06:44 PM GMT+1","2 spaces","Yes","Don’t use any",""
"2017/01/16 7:07:03 PM GMT+1","2 spaces","Yes","AirBnb","ESLint"
"2017/01/16 7:09:13 PM GMT+1","Tabs","Yes","Standard","ESLint"
"2017/01/16 7:10:10 PM GMT+1","Tabs","Yes","Standard","ESLint"
"2017/01/16 7:11:48 PM GMT+1","2 spaces","No","Standard","ESLint;Standard"
"2017/01/16 7:14:21 PM GMT+1","2 spaces","Yes","AirBnb","ESLint;JSHint;xo"
"2017/01/16 7:14:37 PM GMT+1","Tabs","Yes","AirBnb","ESLint"
"2017/01/16 7:15:01 PM GMT+1","Tabs","No","Don’t use any",""
"2017/01/16 7:16:00 PM GMT+1","2 spaces","Yes","AirBnb","ESLint"
"2017/01/16 7:16:35 PM GMT+1","4 spaces","Yes","AirBnb","ESLint"
"2017/01/16 7:17:08 PM GMT+1","2 spaces","No","Standard","ESLint;Standard"
"2017/01/16 7:17:49 PM GMT+1","2 spaces","No","Standard","Standard"
"2017/01/16 7:18:15 PM GMT+1","2 spaces","No","Standard","ESLint;Standard"
"2017/01/16 7:18:29 PM GMT+1","Tabs","Yes","AirBnb","ESLint;JSHint"
"2017/01/16 7:20:12 PM GMT+1","4 spaces","Yes","Standard","Tslint"
"2017/01/16 7:22:24 PM GMT+1","2 spaces","Yes","AirBnb","ESLint"
"2017/01/16 7:24:02 PM GMT+1","2 spaces","Yes","Standard","ESLint"
"2017/01/16 7:24:44 PM GMT+1","2 spaces","Yes","AirBnb","ESLint"
"2017/01/16 7:25:14 PM GMT+1","Tabs","Yes","Standard","ESLint"
"2017/01/16 7:26:14 PM GMT+1","4 spaces","No","Don’t use any","ESLint"
"2017/01/16 7:26:32 PM GMT+1","2 spaces","Yes","Don’t use any","ESLint"
"2017/01/16 7:27:23 PM GMT+1","2 spaces","No","Don’t use any","ESLint"
"2017/01/16 7:27:52 PM GMT+1","Tabs for indentation, spaces for visual alignment","Yes","My own config","ESLint"
"2017/01/16 7:30:26 PM GMT+1","2 spaces","Yes","AirBnb","ESLint"
"2017/01/16 7:31:30 PM GMT+1","2 spaces","Yes","AirBnb","ESLint"
"2017/01/16 7:31:56 PM GMT+1","2 spaces","Yes","AirBnb","ESLint;JSHint"
"2017/01/16 7:34:10 PM GMT+1","2 spaces","Yes","Don’t use any","ESLint;esformatter"
"2017/01/16 7:34:19 PM GMT+1","2 spaces","Yes","Don’t use any","JSHint"
"2017/01/16 7:35:20 PM GMT+1","2 spaces","No","AirBnb","ESLint"
"2017/01/16 7:39:11 PM GMT+1","Tabs","No","Don’t use any","ESLint"
"2017/01/16 7:39:26 PM GMT+1","2 spaces","Yes","AirBnb","ESLint"
"2017/01/16 7:40:00 PM GMT+1","4 spaces","Yes","AirBnb","ESLint"
"2017/01/16 7:40:20 PM GMT+1","2 spaces","Yes","Don’t use any","ESLint"
"2017/01/16 7:40:29 PM GMT+1","4 spaces","Yes","AirBnb","ESLint"
"2017/01/16 7:42:12 PM GMT+1","2 spaces","Yes","AirBnb","ESLint"
"2017/01/16 7:42:57 PM GMT+1","Tabs","Yes","AirBnb","ESLint"
"2017/01/16 7:43:33 PM GMT+1","4 spaces","Yes","Standard","My own config in webstorm."
"2017/01/16 7:47:58 PM GMT+1","Tabs","Yes","Don’t use any","Standard"
"2017/01/16 7:48:35 PM GMT+1","4 spaces","Yes","Don’t use any","Standard"
"2017/01/16 7:49:13 PM GMT+1","4 spaces","Yes","AirBnb","ESLint;JSHint"
"2017/01/16 7:52:45 PM GMT+1","2 spaces","Yes","typescript","typescript"
"2017/01/16 7:53:01 PM GMT+1","2 spaces","No","Don’t use any","ESLint"
"2017/01/16 7:54:20 PM GMT+1","2 spaces","No","AirBnb","ESLint"
"2017/01/16 7:54:27 PM GMT+1","2 spaces","No","AirBnb","ESLint"
"2017/01/16 7:54:34 PM GMT+1","4 spaces","No","AirBnb","ESLint"
"2017/01/16 7:55:53 PM GMT+1","2 spaces","Yes","Don’t use any","ESLint"
"2017/01/16 7:55:56 PM GMT+1","2 spaces","No","Standard","ESLint"
"2017/01/16 7:56:20 PM GMT+1","2 spaces","Yes","AirBnb","ESLint;Prettier"
"2017/01/16 7:58:11 PM GMT+1","2 spaces","No","AirBnb","ESLint"
"2017/01/16 7:58:55 PM GMT+1","2 spaces","Yes","AirBnb","ESLint"
"2017/01/16 7:59:04 PM GMT+1","2 spaces","Yes","AirBnb","ESLint"
"2017/01/16 8:00:06 PM GMT+1","2 spaces","No","AirBnb","ESLint"
"2017/01/16 8:00:26 PM GMT+1","4 spaces","Yes","Standard","ESLint"
"2017/01/16 8:01:06 PM GMT+1","2 spaces","No","Don’t use any","ESLint"
"2017/01/16 8:01:45 PM GMT+1","2 spaces","Yes","AirBnb","ESLint"
"2017/01/16 8:01:57 PM GMT+1","2 spaces","Yes","Don’t use any",""
"2017/01/16 8:03:18 PM GMT+1","4 spaces","Yes","AirBnb","ESLint"
"2017/01/16 8:04:09 PM GMT+1","2 spaces","No","AirBnb","ESLint"
"2017/01/16 8:04:32 PM GMT+1","2 spaces","Yes","Standard","JSHint"
"2017/01/16 8:04:38 PM GMT+1","2 spaces","Yes","Don’t use any","Tslint"
"2017/01/16 8:06:09 PM GMT+1","2 spaces","No","Standard","ESLint"
"2017/01/16 8:07:02 PM GMT+1","4 spaces","No","AirBnb with some overrides","ESLint;Waiting for Prettier to gain more traction!"
"2017/01/16 8:08:24 PM GMT+1","4 spaces","No","Don’t use any","Standard"
"2017/01/16 8:09:20 PM GMT+1","2 spaces","Yes","AirBnb","ESLint"
"2017/01/16 8:12:01 PM GMT+1","2 spaces","Yes","AirBnb","ESLint;Prettier"
"2017/01/16 8:12:19 PM GMT+1","2 spaces","Yes","Standard","ESLint"
"2017/01/16 8:12:35 PM GMT+1","2 spaces","Yes","AirBnb","ESLint"
"2017/01/16 8:14:14 PM GMT+1","2 spaces","No","AirBnb","ESLint"
"2017/01/16 8:14:45 PM GMT+1","2 spaces","Yes","Don’t use any","ESLint"
"2017/01/16 8:15:02 PM GMT+1","2 spaces","Yes","Don’t use any","JSHint"
"2017/01/16 8:16:53 PM GMT+1","2 spaces","Yes","AirBnb","ESLint;Standard"
"2017/01/16 8:17:35 PM GMT+1","2 spaces","Yes","AirBnb","ESLint"
"2017/01/16 8:20:19 PM GMT+1","4 spaces","No","Don’t use any",""
"2017/01/16 8:20:32 PM GMT+1","4 spaces","Yes","AirBnb","ESLint"
"2017/01/16 8:22:20 PM GMT+1","2 spaces","Yes","AirBnb","ESLint"
"2017/01/16 8:23:48 PM GMT+1","2 spaces","Yes","AirBnb","ESLint"
"2017/01/16 8:26:54 PM GMT+1","4 spaces","No","Standard","ESLint;Prettier"
"2017/01/16 8:27:37 PM GMT+1","2 spaces","Yes","AirBnb","ESLint"
"2017/01/16 8:28:17 PM GMT+1","Tabs","Yes","Don’t use any","ESLint;Tslint"
"2017/01/16 8:29:25 PM GMT+1","4 spaces","Yes","xo","JetBrains / PhpStorm"
"2017/01/16 8:30:35 PM GMT+1","Tabs","Yes","Don’t use any",""
"2017/01/16 8:31:18 PM GMT+1","2 spaces","Yes","My own","ESLint"
"2017/01/16 8:32:44 PM GMT+1","2 spaces","Yes","AirBnb","ESLint"
"2017/01/16 8:34:03 PM GMT+1","4 spaces","Yes","Standard","ESLint"
"2017/01/16 8:34:46 PM GMT+1","Tabs","Yes","Custom",""
"2017/01/16 8:35:51 PM GMT+1","4 spaces","Yes","Don’t use any","ESLint"
"2017/01/16 8:36:14 PM GMT+1","2 spaces","Yes","AirBnb","ESLint"
"2017/01/16 8:36:27 PM GMT+1","2 spaces","Yes","xo","ESLint;Prettier"
"2017/01/16 8:39:58 PM GMT+1","Tabs","Yes","xo","ESLint;xo"
"2017/01/16 8:44:28 PM GMT+1","2 spaces","Yes","AirBnb","ESLint"
"2017/01/16 8:45:26 PM GMT+1","2 spaces","No","Standard","Standard"
"2017/01/16 8:45:26 PM GMT+1","2 spaces","Yes","Don’t use any","ESLint;Prettier"
"2017/01/16 8:48:21 PM GMT+1","2 spaces","Yes","Standard","ESLint"
"2017/01/16 8:48:28 PM GMT+1","4 spaces","Yes","Derived from AirBnb, only a few modifications. ","ESLint;Prettier"
"2017/01/16 8:50:30 PM GMT+1","2 spaces","Yes","Custom, based of airbnb but stricter","ESLint"
"2017/01/16 8:52:07 PM GMT+1","2 spaces","Yes","AirBnb","ESLint"
"2017/01/16 8:54:31 PM GMT+1","2 spaces","No","AirBnb","ESLint"
"2017/01/16 8:59:55 PM GMT+1","2 spaces","Yes","AirBnb","ESLint"
"2017/01/16 9:05:12 PM GMT+1","2 spaces","Yes","AirBnb","ESLint"
"2017/01/16 9:06:49 PM GMT+1","2 spaces","No","Don’t use any","ESLint"
"2017/01/16 9:10:38 PM GMT+1","Tabs","No","Standard","ESLint;Standard"
"2017/01/16 9:11:18 PM GMT+1","4 spaces","Yes","Standard","ESLint"
"2017/01/16 9:14:03 PM GMT+1","4 spaces","Yes","Don’t use any",""
"2017/01/16 9:14:21 PM GMT+1","2 spaces","No","Don’t use any","ESLint"
"2017/01/16 9:14:32 PM GMT+1","4 spaces","Yes","Don’t use any","ESLint"
"2017/01/16 9:17:51 PM GMT+1","2 spaces","Yes","Standard","Tslint"
"2017/01/16 9:20:37 PM GMT+1","2 spaces","Yes","AirBnb","ESLint"
"2017/01/16 9:21:35 PM GMT+1","4 spaces","No","Don’t use any","ESLint;Standard"
"2017/01/16 9:22:12 PM GMT+1","2 spaces","Yes","AirBnb","ESLint"
"2017/01/16 9:27:51 PM GMT+1","Tabs","No","AirBnb","ESLint"
"2017/01/16 9:29:45 PM GMT+1","2 spaces","Yes","Standard","JSHint"
"2017/01/16 9:29:48 PM GMT+1","4 spaces","Yes","AirBnb","ESLint"
"2017/01/16 9:29:49 PM GMT+1","2 spaces","Yes","Don’t use any","ESLint"
"2017/01/16 9:30:30 PM GMT+1","4 spaces","Yes","Don’t use any",""
"2017/01/16 9:30:50 PM GMT+1","Tabs","Yes","Don’t use any","Standard"
"2017/01/16 9:31:00 PM GMT+1","2 spaces","Yes","AirBnb","ESLint"
"2017/01/16 9:34:58 PM GMT+1","2 spaces","No","Standard","Standard"
"2017/01/16 9:35:15 PM GMT+1","2 spaces","No","AirBnb + some modifications","ESLint"
"2017/01/16 9:36:58 PM GMT+1","4 spaces","Yes","AirBnb","ESLint"
"2017/01/16 9:36:59 PM GMT+1","2 spaces","Yes","Don’t use any","ESLint"
"2017/01/16 9:39:14 PM GMT+1","2 spaces","No","Standard","ESLint;JSHint"
"2017/01/16 9:39:55 PM GMT+1","2 spaces","Yes","AirBnb","ESLint"
"2017/01/16 9:41:22 PM GMT+1","2 spaces","Yes","Don’t use any","ESLint;Will use Prettier once major bugs have been fixed"
"2017/01/16 9:45:20 PM GMT+1","2 spaces","Yes","AirBnb","ESLint;JSHint"
"2017/01/16 9:45:47 PM GMT+1","2 spaces","Yes","Don’t use any","ESLint"
"2017/01/16 9:46:19 PM GMT+1","2 spaces","Yes","AirBnb","ESLint;JSHint"
"2017/01/16 9:47:10 PM GMT+1","2 spaces","Yes","Don’t use any","ESLint"
"2017/01/16 9:47:18 PM GMT+1","4 spaces","Yes","Don’t use any","Standard"
"2017/01/16 9:49:28 PM GMT+1","2 spaces","Yes","AirBnb","ESLint"
"2017/01/16 9:51:54 PM GMT+1","2 spaces","Yes","Don’t use any","ESLint"
"2017/01/16 9:54:15 PM GMT+1","2 spaces","No","AirBnb","ESLint"
"2017/01/16 9:54:16 PM GMT+1","2 spaces","Yes","AirBnb","ESLint"
"2017/01/16 9:57:24 PM GMT+1","Tabs","Yes","AirBnb","ESLint"
"2017/01/16 9:57:47 PM GMT+1","2 spaces","Yes","AirBnb","ESLint"
"2017/01/16 9:58:07 PM GMT+1","2 spaces","Yes","AirBnb","ESLint"
"2017/01/16 9:59:03 PM GMT+1","2 spaces","Yes","Standard","JSHint;JSCS"
"2017/01/16 10:01:02 PM GMT+1","2 spaces","Yes","AirBnb","ESLint"
"2017/01/16 10:02:56 PM GMT+1","2 spaces","Yes","AirBnb","ESLint"
"2017/01/16 10:03:32 PM GMT+1","2 spaces","Yes","AirBnb","ESLint"
"2017/01/16 10:03:53 PM GMT+1","2 spaces","Yes","Standard","ESLint"
"2017/01/16 10:04:09 PM GMT+1","2 spaces","No","Don’t use any","ESLint"
"2017/01/16 10:04:44 PM GMT+1","2 spaces","Yes","AirBnb","ESLint"
"2017/01/16 10:07:08 PM GMT+1","2 spaces","Yes","AirBnb","Prettier"
"2017/01/16 10:07:24 PM GMT+1","2 spaces","No","Standard","ESLint;Prettier;Standard"
"2017/01/16 10:08:09 PM GMT+1","2 spaces","No","Standard","Standard"
"2017/01/16 10:17:24 PM GMT+1","Tabs","Yes","AirBnb","ESLint;JSHint;JSCS"
"2017/01/16 10:19:54 PM GMT+1","2 spaces","Yes","Standard","ESLint"
"2017/01/16 10:20:18 PM GMT+1","2 spaces","No","Standard","Standard"
"2017/01/16 10:21:07 PM GMT+1","2 spaces","Yes","AirBnb","JSHint"
"2017/01/16 10:21:09 PM GMT+1","2 spaces","No","Standard","Standard"
"2017/01/16 10:21:45 PM GMT+1","2 spaces","No","Standard","ESLint"
"2017/01/16 10:24:06 PM GMT+1","2 spaces","Yes","AirBnb","ESLint"
"2017/01/16 10:25:56 PM GMT+1","4 spaces","No","AirBnb","ESLint"
"2017/01/16 10:27:25 PM GMT+1","2 spaces","Yes","Don’t use any","Prettier"
"2017/01/16 10:28:07 PM GMT+1","2 spaces","Yes","Don’t use any","ESLint"
"2017/01/16 10:30:37 PM GMT+1","2 spaces","No","Standard","ESLint;Standard"
"2017/01/16 10:31:02 PM GMT+1","2 spaces","Yes","Don’t use any","ESLint"
"2017/01/16 10:36:37 PM GMT+1","2 spaces","Yes","CRA","ESLint"
"2017/01/16 10:36:44 PM GMT+1","4 spaces","Yes","AirBnb + tweaks","ESLint"
"2017/01/16 10:38:56 PM GMT+1","Tabs","Yes","Standard","ESLint"
"2017/01/16 10:39:22 PM GMT+1","Tabs","Yes","Don’t use any","ESLint"
"2017/01/16 10:39:37 PM GMT+1","2 spaces","Yes","AirBnb","ESLint"
"2017/01/16 10:42:24 PM GMT+1","2 spaces","Yes","Standard","ESLint;JSHint;JSCS"
"2017/01/16 10:44:54 PM GMT+1","2 spaces","Yes","Don’t use any","ESLint"
"2017/01/16 10:45:32 PM GMT+1","4 spaces","Yes","Don’t use any",""
"2017/01/16 10:49:47 PM GMT+1","2 spaces","Yes","Angular john papa","ESLint"
"2017/01/16 10:51:13 PM GMT+1","2 spaces","No","AirBnb","ESLint"
"2017/01/16 10:52:03 PM GMT+1","2 spaces","Yes","AirBnb","ESLint"
"2017/01/16 10:52:49 PM GMT+1","4 spaces","Yes","AirBnb","ESLint"
"2017/01/16 10:54:09 PM GMT+1","4 spaces","Yes","Don’t use any",""
"2017/01/16 10:54:11 PM GMT+1","4 spaces","Yes","AirBnb","ESLint"
"2017/01/16 10:55:20 PM GMT+1","2 spaces","Yes","Don’t use any","JSHint;Prettier"
"2017/01/16 10:56:36 PM GMT+1","4 spaces","Yes","AirBnb","ESLint"
"2017/01/16 10:56:43 PM GMT+1","4 spaces","No","Don’t use any","ESLint"
"2017/01/16 11:03:32 PM GMT+1","2 spaces","No","AirBnb","ESLint"
"2017/01/16 11:03:59 PM GMT+1","Tabs","Yes","Don’t use any","ESLint"
"2017/01/16 11:04:05 PM GMT+1","2 spaces","No","Don’t use any","Flow"
"2017/01/16 11:04:51 PM GMT+1","2 spaces","Yes","AirBnb","ESLint"
"2017/01/16 11:05:30 PM GMT+1","Tabs","Yes","Standard","ESLint"
"2017/01/16 11:05:51 PM GMT+1","2 spaces","No","Don’t use any","ESLint"
"2017/01/16 11:07:52 PM GMT+1","Don't know. I use 4 spaces","Yes","Don’t use any","No styles. But tsc for validating types"
"2017/01/16 11:08:17 PM GMT+1","2 spaces","Yes","AirBnb","ESLint;Prettier"
"2017/01/16 11:09:20 PM GMT+1","2 spaces","Yes","AirBnb","ESLint"
"2017/01/16 11:09:36 PM GMT+1","2 spaces","Yes","Don’t use any","ESLint;JSHint;JSCS"
"2017/01/16 11:10:07 PM GMT+1","4 spaces","No","Standard","ESLint"
"2017/01/16 11:11:22 PM GMT+1","2 spaces","No","Standard","Prettier"
"2017/01/16 11:12:54 PM GMT+1","2 spaces","Yes","AirBnb","ESLint"
"2017/01/16 11:13:52 PM GMT+1","2 spaces","No","Standard","ESLint"
"2017/01/16 11:13:54 PM GMT+1","2 spaces","No","Standard","Standard"
"2017/01/16 11:14:21 PM GMT+1","2 spaces","Yes","Standard","ESLint"
"2017/01/16 11:15:31 PM GMT+1","2 spaces","Yes","Don’t use any","ESLint"
"2017/01/16 11:19:32 PM GMT+1","2 spaces","No","Don’t use any","Standard"
"2017/01/16 11:26:19 PM GMT+1","2 spaces","Yes","eslint","ESLint"
"2017/01/16 11:28:04 PM GMT+1","2 spaces","Yes","Don’t use any",""
"2017/01/16 11:29:56 PM GMT+1","2 spaces","Yes","Don’t use any","ESLint"
"2017/01/16 11:30:02 PM GMT+1","2 spaces","No","Standard","ESLint"
"2017/01/16 11:30:59 PM GMT+1","2 spaces","Yes","Don’t use any","ESLint"
"2017/01/16 11:32:05 PM GMT+1","2 spaces","No","Don’t use any",""
"2017/01/16 11:33:04 PM GMT+1","2 spaces","Yes","AirBnb","ESLint"
"2017/01/16 11:36:49 PM GMT+1","4 spaces","Yes","Don’t use any","ESLint;JSHint;JSCS"
"2017/01/16 11:37:53 PM GMT+1","Tabs","Yes","Don’t use any","ESLint"
"2017/01/16 11:37:57 PM GMT+1","2 spaces","Yes","Don’t use any","None"
"2017/01/16 11:38:21 PM GMT+1","2 spaces","No","AirBnb","ESLint"
"2017/01/16 11:41:34 PM GMT+1","2 spaces","No","AirBnb","ESLint"
"2017/01/16 11:48:34 PM GMT+1","Tabs","No","Standard","ESLint"
"2017/01/16 11:49:42 PM GMT+1","Tabs","Yes","AirBnb","ESLint"
"2017/01/16 11:51:30 PM GMT+1","4 spaces","Yes","Standard","JSHint;JSCS"
"2017/01/16 11:53:20 PM GMT+1","2 spaces","Yes","Don’t use any","Standard"
"2017/01/16 11:54:17 PM GMT+1","2 spaces","Yes","Don’t use any","ESLint"
"2017/01/16 11:54:38 PM GMT+1","Tabs","No","Don’t use any","-"
"2017/01/16 11:59:30 PM GMT+1","2 spaces","Yes","AirBnb","ESLint"
"2017/01/17 12:04:20 AM GMT+1","2 and 4","Yes","Custom","ESLint"
"2017/01/17 12:05:31 AM GMT+1","2 spaces","Yes","AirBnb","ESLint"
"2017/01/17 12:11:00 AM GMT+1","4 spaces","No","Don’t use any",""
"2017/01/17 12:14:01 AM GMT+1","2 spaces","Yes","AirBnb","ESLint"
"2017/01/17 12:17:22 AM GMT+1","2 spaces","Yes","AirBnb","ESLint"
"2017/01/17 12:18:37 AM GMT+1","4 spaces","Yes","Don’t use any","ESLint"
"2017/01/17 12:18:45 AM GMT+1","2 spaces","No","Don’t use any","ESLint"
"2017/01/17 12:31:33 AM GMT+1","2 spaces","No","Standard","Standard"
"2017/01/17 12:34:52 AM GMT+1","Tabs","Yes","Standard","ESLint"
"2017/01/17 12:38:37 AM GMT+1","Tabs","Yes","Don’t use any","None"
"2017/01/17 12:43:12 AM GMT+1","2 spaces","Yes","AirBnb","ESLint"
"2017/01/17 12:59:47 AM GMT+1","2 spaces","Yes","AirBnb","ESLint"
"2017/01/17 1:02:16 AM GMT+1","2 spaces","No","Standard","ESLint"
"2017/01/17 1:02:17 AM GMT+1","Tabs","Yes","Standard",""
"2017/01/17 1:12:54 AM GMT+1","2 spaces","No","Custom","ESLint"
"2017/01/17 1:17:03 AM GMT+1","4 spaces","No","Don’t use any","ESLint"
"2017/01/17 1:17:03 AM GMT+1","4 spaces","Yes","Google","ESLint"
"2017/01/17 1:22:56 AM GMT+1","4 spaces","Yes","Don’t use any","JSHint"
"2017/01/17 1:24:48 AM GMT+1","2 spaces","Yes","Don’t use any",""
"2017/01/17 1:29:58 AM GMT+1","4 spaces","Yes","Don’t use any","ESLint"
"2017/01/17 1:46:14 AM GMT+1","2 spaces","No","Standard","Standard"
"2017/01/17 1:47:26 AM GMT+1","Tabs","Yes","Standard","ESLint"
"2017/01/17 1:51:04 AM GMT+1","2 spaces","Yes","AirBnb","ESLint"
"2017/01/17 1:52:41 AM GMT+1","2 spaces","Yes","AirBnb","ESLint;JSHint;Standard"
"2017/01/17 1:53:23 AM GMT+1","Tabs","Yes","Modified airbnb","ESLint"
"2017/01/17 1:56:27 AM GMT+1","2 spaces","No","Standard","ESLint"
"2017/01/17 2:00:03 AM GMT+1","2 spaces","Yes","AirBnb","ESLint"
"2017/01/17 2:02:10 AM GMT+1","2 spaces","No","Don’t use any","ESLint"
"2017/01/17 2:24:33 AM GMT+1","2 spaces","Yes","Standard","Prettier;Standard"
"2017/01/17 2:27:05 AM GMT+1","Tabs","Yes","Standard","ESLint"
"2017/01/17 2:35:59 AM GMT+1","4 spaces","Yes","Standard","ESLint"
"2017/01/17 2:50:52 AM GMT+1","4 spaces","Yes","Don’t use any","ESLint"
"2017/01/17 2:52:38 AM GMT+1","2 spaces","Yes","Standard","ESLint"
"2017/01/17 2:55:54 AM GMT+1","2 spaces","Yes","Don’t use any","ESLint"
"2017/01/17 2:56:14 AM GMT+1","2 spaces","Yes","Standard","ESLint"
"2017/01/17 3:00:47 AM GMT+1","4 spaces","Yes","Don’t use any","ESLint"
"2017/01/17 3:06:57 AM GMT+1","2 spaces","No","Standard","ESLint"
"2017/01/17 3:13:54 AM GMT+1","4 spaces","Yes","Standard","JSCS"
"2017/01/17 3:17:23 AM GMT+1","2 spaces","Yes","AirBnb","ESLint"
"2017/01/17 3:27:00 AM GMT+1","2 spaces","Yes","Standard","ESLint"
"2017/01/17 3:30:05 AM GMT+1","2 spaces","Yes","Custom","ESLint"
"2017/01/17 3:34:14 AM GMT+1","2 spaces","Yes","Standard","ESLint;stylelint"
"2017/01/17 3:38:34 AM GMT+1","Tabs","Yes","Standard","ESLint"
"2017/01/17 3:46:56 AM GMT+1","4 spaces","Yes","Don’t use any","don't use"
"2017/01/17 3:50:32 AM GMT+1","2 spaces","Yes","Don’t use any","ESLint"
"2017/01/17 3:52:21 AM GMT+1","Tabs","Yes","AirBnb","ESLint"
"2017/01/17 3:57:32 AM GMT+1","4 spaces","Yes","Don’t use any","ESLint"
"2017/01/17 3:57:33 AM GMT+1","3 Spaces","Yes","Don’t use any","JSHint"
"2017/01/17 4:04:53 AM GMT+1","2 spaces","Yes","AirBnb","ESLint"
"2017/01/17 4:16:06 AM GMT+1","Tabs","Yes","Don’t use any","ESLint"
"2017/01/17 4:20:53 AM GMT+1","2 spaces","Yes","AirBnb","ESLint;Prettier"
"2017/01/17 4:37:38 AM GMT+1","2 spaces","No","Our custom preset","ESLint"
"2017/01/17 4:40:44 AM GMT+1","2 spaces","No","Standard","ESLint;Standard"
"2017/01/17 4:59:45 AM GMT+1","2 spaces","No","Standard","ESLint;Standard"
"2017/01/17 5:15:42 AM GMT+1","2 spaces","Yes","Standard","tslint"
"2017/01/17 5:24:30 AM GMT+1","2 spaces","Yes","AirBnb","ESLint;Prettier"
"2017/01/17 5:31:54 AM GMT+1","2 spaces","Yes","AirBnb","ESLint"
"2017/01/17 5:36:42 AM GMT+1","Tabs","Yes","Don’t use any","JSHint"
"2017/01/17 5:39:22 AM GMT+1","4 spaces","Yes","Don’t use any","None"
"2017/01/17 5:48:28 AM GMT+1","Tabs","Yes","Don’t use any","ESLint"
"2017/01/17 5:56:31 AM GMT+1","4 spaces","Yes","Standard","ESLint"
"2017/01/17 6:03:51 AM GMT+1","Tabs","Yes","Standard","ESLint"
"2017/01/17 6:18:19 AM GMT+1","Tabs","Yes","Standard","ESLint"
"2017/01/17 6:27:35 AM GMT+1","2 spaces","Yes","AirBnb","ESLint"
"2017/01/17 6:34:56 AM GMT+1","2 spaces","Yes","AirBnb","ESLint"
"2017/01/17 6:37:24 AM GMT+1","4 spaces","Yes","Don’t use any","ESLint"
"2017/01/17 6:44:37 AM GMT+1","Tabs","No","AirBnb","ESLint"
"2017/01/17 6:47:20 AM GMT+1","2 spaces","No","Airbnb with some custom additions (no semi etc.)","ESLint"
"2017/01/17 6:48:19 AM GMT+1","4 spaces","Yes","Don’t use any","ESLint"
"2017/01/17 6:50:15 AM GMT+1","4 spaces","Yes","Don’t use any","ESLint"
"2017/01/17 6:52:42 AM GMT+1","2 spaces","Yes","AirBnb","ESLint"
"2017/01/17 7:12:26 AM GMT+1","4 spaces","No","Standard","TSLint"
"2017/01/17 7:12:50 AM GMT+1","indention by project","No","AirBnb","ESLint"
"2017/01/17 7:13:34 AM GMT+1","2 spaces","Yes","AirBnb","ESLint"
"2017/01/17 7:19:02 AM GMT+1","4 spaces","No","Google","ESLint"
"2017/01/17 7:19:06 AM GMT+1","Tabs","Yes","Don’t use any","ESLint;JSHint"
"2017/01/17 7:45:27 AM GMT+1","4 spaces","Yes","AirBnb","ESLint"
"2017/01/17 7:45:46 AM GMT+1","2 spaces","Yes","Whatever is included in the project","ESLint"
"2017/01/17 7:48:36 AM GMT+1","2 spaces","Yes","AirBnb","ESLint"
"2017/01/17 7:51:53 AM GMT+1","4 spaces","Yes","Standard","ESLint"
"2017/01/17 7:52:21 AM GMT+1","4 spaces","No","AirBnb","ESLint"
"2017/01/17 7:53:34 AM GMT+1","2 spaces","No","Standard","ESLint"
"2017/01/17 7:59:05 AM GMT+1","2 spaces","Yes","Standard","ESLint"
"2017/01/17 7:59:23 AM GMT+1","2 spaces","Yes","AirBnb","ESLint"
"2017/01/17 8:09:36 AM GMT+1","4 spaces","Yes","Standard","ESLint"
"2017/01/17 8:12:29 AM GMT+1","2 spaces","Yes","Don’t use any","ESLint"
"2017/01/17 8:25:46 AM GMT+1","2 spaces","Yes","Don’t use any","ESLint"
"2017/01/17 8:31:45 AM GMT+1","Tabs","Yes","Don’t use any",""
"2017/01/17 8:44:09 AM GMT+1","2 spaces","No","Custom","ESLint"
"2017/01/17 8:51:14 AM GMT+1","2 spaces","No","Standard","ESLint"
"2017/01/17 8:59:49 AM GMT+1","2 spaces","Yes","Don’t use any","ESLint"
"2017/01/17 9:03:29 AM GMT+1","2 spaces","Yes","AirBnb","ESLint"
"2017/01/17 9:03:37 AM GMT+1","2 spaces","Yes","AirBnb","ESLint"
"2017/01/17 9:06:00 AM GMT+1","4 spaces","Yes","Don’t use any",""
"2017/01/17 9:06:22 AM GMT+1","2 spaces","No","Standard","ESLint;JSHint;JSCS;Standard"
"2017/01/17 9:09:12 AM GMT+1","Tabs","Yes","Standard","ESLint"
"2017/01/17 9:09:19 AM GMT+1","2 spaces","No","Don’t use any","ESLint"
"2017/01/17 9:09:40 AM GMT+1","2 spaces","Yes","AirBnb","ESLint"
"2017/01/17 9:10:02 AM GMT+1","2 spaces","Yes","Standard","ESLint"
"2017/01/17 9:10:28 AM GMT+1","4 spaces","Yes","Don’t use any","JSHint"
"2017/01/17 9:12:14 AM GMT+1","2 spaces","No","AirBnb","ESLint"
"2017/01/17 9:16:19 AM GMT+1","4 spaces","Yes","AirBnb","ESLint"
"2017/01/17 9:17:54 AM GMT+1","2 spaces","Yes","AirBnb","ESLint"
"2017/01/17 9:22:18 AM GMT+1","Tabs","Yes","Standard","ESLint;JSHint"
"2017/01/17 9:22:50 AM GMT+1","Tabs","Yes","custom based on AirBnB","ESLint"
"2017/01/17 9:28:42 AM GMT+1","Tabs","Yes","Don’t use any","ESLint"
"2017/01/17 9:29:51 AM GMT+1","Tabs","Yes","Don’t use any","ESLint"
"2017/01/17 9:30:02 AM GMT+1","2 spaces","Yes","Standard","JSHint"
"2017/01/17 9:31:10 AM GMT+1","2 spaces","Yes","Don’t use any",""
"2017/01/17 9:31:36 AM GMT+1","2 spaces","Yes","Standard","ESLint"
"2017/01/17 9:32:27 AM GMT+1","2 spaces","Yes","AirBnb","ESLint"
"2017/01/17 9:34:50 AM GMT+1","2 spaces","Yes","AirBnb","ESLint;JSHint"
"2017/01/17 9:39:57 AM GMT+1","4 spaces","Yes","Standard","JSHint;gjslint"
"2017/01/17 9:49:48 AM GMT+1","2 spaces","Yes","Don’t use any","ESLint"
"2017/01/17 9:58:50 AM GMT+1","2 spaces","Yes","AirBnb","ESLint"
"2017/01/17 10:11:12 AM GMT+1","Tabs","No","AirBnb","ESLint"
"2017/01/17 10:12:35 AM GMT+1","2 spaces","No","My own","ESLint"
"2017/01/17 10:13:57 AM GMT+1","2 spaces","Yes","AirBnb","ESLint"
"2017/01/17 10:15:14 AM GMT+1","2 spaces","Yes","Don’t use any",""
"2017/01/17 10:17:15 AM GMT+1","2 spaces","Yes","Don’t use any","JSHint"
"2017/01/17 10:18:22 AM GMT+1","4 spaces","No","AirBnb","ESLint"
"2017/01/17 10:22:33 AM GMT+1","4 spaces","Yes","AirBnb","ESLint"
"2017/01/17 10:22:40 AM GMT+1","Tabs","Yes","AirBnb","ESLint"
"2017/01/17 10:34:44 AM GMT+1","Tabs","No","Don’t use any","ESLint"
"2017/01/17 10:53:42 AM GMT+1","4 spaces","Yes","Standard","ESLint;JSHint"
"2017/01/17 10:55:20 AM GMT+1","2 spaces","Yes","AirBnb","ESLint"
"2017/01/17 10:56:16 AM GMT+1","Tabs","Yes","Standard",""
"2017/01/17 10:57:56 AM GMT+1","Tabs","Yes","Standard","ESLint"
"2017/01/17 11:05:15 AM GMT+1","2 spaces","Yes","AirBnb","ESLint"
"2017/01/17 11:20:09 AM GMT+1","2 spaces","Yes","AirBnb","ESLint"
"2017/01/17 12:19:40 PM GMT+1","4 spaces","Yes","Standard","ESLint;JSHint"
"2017/01/17 12:37:12 PM GMT+1","2 spaces","Yes","Standard","ESLint"
"2017/01/17 1:17:34 PM GMT+1","4 spaces","Yes","eslint-plugin-freaktechnik","ESLint"
"2017/01/17 1:19:09 PM GMT+1","2 spaces","Yes","Don’t use any","ESLint"
"2017/01/17 1:34:48 PM GMT+1","Tabs","No","Standard","Standard"
"2017/01/17 1:35:27 PM GMT+1","2 spaces","Yes","AirBnb","ESLint"
"2017/01/17 1:45:06 PM GMT+1","3","No","Don’t use any","TypeScript. Code style doesn't matter."
"2017/01/17 1:53:56 PM GMT+1","4 spaces","No","Don’t use any","ESLint"
"2017/01/17 2:30:01 PM GMT+1","2 spaces","No","Standard","Standard"
"2017/01/17 2:54:47 PM GMT+1","4 spaces","No","AirBnb","ESLint"
"2017/01/17 3:05:26 PM GMT+1","2 spaces","Yes","AirBnb","ESLint"
"2017/01/17 3:08:06 PM GMT+1","2 spaces","No","Don’t use any","ESLint"
"2017/01/17 3:09:08 PM GMT+1","2 spaces","No","Don’t use any",""
"2017/01/17 4:16:12 PM GMT+1","Tabs","Yes","AirBnb","ESLint"
"2017/01/17 5:01:28 PM GMT+1","2 spaces","Yes","AirBnb","ESLint"
"2017/01/17 5:10:42 PM GMT+1","Tabs","No","Standard","ESLint;Vscode format on save"
"2017/01/17 5:24:26 PM GMT+1","Tabs","Yes","xo","ESLint;xo"
"2017/01/17 5:24:50 PM GMT+1","2 spaces","Yes","AirBnb","ESLint"
"2017/01/17 6:12:54 PM GMT+1","2 spaces","Yes","Don’t use any","ESLint"
"2017/01/17 6:26:40 PM GMT+1","Tabs","Yes","Don’t use any","ESLint;JSHint"
"2017/01/17 6:37:18 PM GMT+1","2 spaces","No","AirBnb","ESLint"
"2017/01/17 6:37:54 PM GMT+1","2 spaces","No","Don’t use any",""
"2017/01/17 6:40:36 PM GMT+1","Tabs","Yes","Don’t use any",""
"2017/01/17 7:36:06 PM GMT+1","2 spaces","Yes","Standard","ESLint"
"2017/01/17 7:44:41 PM GMT+1","4 spaces","Yes","Don’t use any","ESLint"
"2017/01/17 8:08:48 PM GMT+1","Tabs","No","eslint","ESLint"
"2017/01/17 8:26:12 PM GMT+1","2 spaces","Yes","Standard","ESLint"
"2017/01/17 8:42:31 PM GMT+1","2 spaces","No","Standard","Standard"
"2017/01/17 10:27:59 PM GMT+1","2 spaces","No","AirBnb","ESLint"
"2017/01/17 10:41:47 PM GMT+1","Tabs","Yes","AirBnb","ESLint;JSCS"
"2017/01/17 10:50:46 PM GMT+1","4 spaces","Yes","Don’t use any",""
"2017/01/17 11:07:55 PM GMT+1","2 spaces","Yes","Customized AirBnB","ESLint"
"2017/01/18 12:39:51 AM GMT+1","2 spaces","Yes","AirBnb","ESLint"
"2017/01/18 1:46:09 AM GMT+1","Tabs","Yes","Don’t use any","ESLint"
"2017/01/18 1:49:51 AM GMT+1","2 spaces","Yes","Don’t use any","JSHint"
"2017/01/18 2:21:18 AM GMT+1","2 spaces","No","xo","ESLint"
"2017/01/18 5:29:42 AM GMT+1","2 spaces","Yes","AirBnb","ESLint"
"2017/01/18 6:58:37 AM GMT+1","2 spaces","Yes","AirBnb","ESLint"
"2017/01/18 11:28:43 AM GMT+1","2 spaces","No","Standard","ESLint;Prettier"
"2017/01/18 12:02:12 PM GMT+1","2 spaces","No","Standard","ESLint;Standard;xo"
"2017/01/18 12:04:52 PM GMT+1","4 spaces","Yes","AirBnb","ESLint"
"2017/01/18 12:59:45 PM GMT+1","2 spaces","Yes","xo","ESLint;JSHint"
"2017/01/18 1:08:08 PM GMT+1","4 spaces","Yes","Standard","ESLint"
"2017/01/18 5:37:29 PM GMT+1","2 spaces","Yes","Don’t use any","ESLint"
"2017/01/18 6:05:47 PM GMT+1","2 spaces","Yes","AirBnb","ESLint"
"2017/01/18 7:51:17 PM GMT+1","2 spaces","Yes","Don’t use any",""
"2017/01/18 8:36:15 PM GMT+1","4 spaces","Yes","Don’t use any","ESLint"
"2017/01/18 8:36:35 PM GMT+1","Tabs","Yes","AirBnb","ESLint"
"2017/01/18 11:07:18 PM GMT+1","Tabs","Yes","Don’t use any","Standard"
"2017/01/18 11:53:38 PM GMT+1","4 spaces","Yes","Don’t use any","ESLint"
"2017/01/19 12:28:45 AM GMT+1","Tabs","Yes","Standard","ESLint;JSHint"
"2017/01/19 1:05:45 AM GMT+1","2 spaces","No","Standard","Standard"
"2017/01/19 1:32:48 AM GMT+1","2 spaces","No","Standard","Standard"
"2017/01/19 1:41:59 AM GMT+1","2 spaces","No","Standard","Standard"
"2017/01/19 2:15:32 AM GMT+1","2 spaces","No","Standard","Standard"
"2017/01/19 3:40:18 AM GMT+1","Tabs","Yes","AirBnb","ESLint"
"2017/01/19 5:21:41 AM GMT+1","4 spaces","No","Don’t use any",""
"2017/01/19 12:29:43 PM GMT+1","2 spaces","Yes","Standard","ESLint"
"2017/01/19 2:15:05 PM GMT+1","4 spaces","Yes","Crockford","ESLint;JSHint;JSCS"
"2017/01/19 5:18:48 PM GMT+1","2 spaces","Yes","AirBnb","ESLint"
"2017/01/19 10:02:39 PM GMT+1","2 spaces","Yes","AirBnb","ESLint"
"2017/01/19 10:25:32 PM GMT+1","2 spaces","Yes","AirBnb","ESLint"
"2017/01/19 10:27:18 PM GMT+1","4 spaces","Yes","Don’t use any","ESLint"
"2017/01/19 10:43:32 PM GMT+1","Tabs","Yes","Don’t use any","JSHint"
"2017/01/20 12:10:24 AM GMT+1","2 spaces","Yes","AirBnb","JSHint;JSCS"
"2017/01/20 4:01:27 AM GMT+1","Tabs","Yes","AirBnb","ESLint"
"2017/01/20 11:33:07 AM GMT+1","4 spaces","Yes","AirBnb","ESLint"
"2017/01/20 6:15:08 PM GMT+1","Tabs","Yes","Don’t use any","JSHint"
"2017/01/21 1:51:46 AM GMT+1","4 spaces","Yes","xo","ESLint"
"2017/01/21 12:49:50 PM GMT+1","2 spaces","Yes","AirBnb","ESLint"
"2017/01/21 8:53:36 PM GMT+1","Tabs","No","Standard, with tab override","ESLint"
"2017/01/22 4:14:20 PM GMT+1","2 spaces","No","Standard","ESLint"
"2017/01/22 6:00:46 PM GMT+1","Tabs","Yes","Don’t use any",""
"2017/01/23 1:56:02 AM GMT+1","2 spaces","Yes","AirBnb","ESLint;Prettier"
"2017/01/24 10:10:21 PM GMT+1","Tabs","Yes","AirBnb","ESLint"
"2017/01/25 9:26:55 AM GMT+1","2 spaces","Yes","xo","ESLint"
"2017/01/25 9:30:54 AM GMT+1","2 spaces","Yes","AirBnb","ESLint"
"2017/01/25 9:33:50 AM GMT+1","2 spaces","No","airbnb based custom","ESLint"
"2017/01/25 9:49:25 AM GMT+1","Tabs","Yes","Don’t use any","ESLint"
"2017/01/25 10:02:48 AM GMT+1","2 spaces","No","Standard","Standard"
"2017/01/25 11:14:50 AM GMT+1","2 spaces","Yes","AirBnb","ESLint"
"2017/01/25 1:49:54 PM GMT+1","2 spaces","Yes","AirBnb","ESLint"
"2017/01/25 4:49:21 PM GMT+1","4 spaces","Yes","my own custom preset","ESLint;JSHint;JSCS"
"2017/01/26 8:54:56 AM GMT+1","Tabs","Yes","react-app","ESLint;currently investigating Prettier"